,educ,inc,age,happiness,health,months_abroad,spectrum
0,3,1800,47,9,3,0,1
1,3,2000,52,8,3,0,5
2,2,2500,61,9,4,0,6
3,2,860,54,3,2,18,1
4,3,2500,49,7,5,0,6
5,3,750,75,9,4,0,6
6,5,4500,59,8,4,0,6
7,3,880,65,5,3,0,9
8,2,3000,61,10,4,6,3
9,2,950,76,10,3,0,6
10,2,1200,23,10,3,0,3
11,2,3300,65,9,3,0,6
12,3,1500,54,6,3,18,2
13,5,1600,76,10,5,0,3
14,3,1800,23,8,4,0,3
15,3,2125,36,9,5,0,2
16,3,350,34,9,5,144,3
17,4,2400,52,9,5,18,6
18,3,1050,63,8,2,0,3
19,2,2375,61,8,5,0,1
20,3,875,19,9,5,0,9
21,5,1500,27,9,5,0,3
22,3,1000,53,6,4,0,9
23,3,1300,25,8,3,0,6
24,5,1390,40,9,5,4,5
25,4,460,71,6,3,6,6
26,4,2375,31,9,5,0,5
27,5,3500,48,8,4,16,6
28,2,850,66,9,3,0,3
29,3,1800,43,4,4,0,9
30,5,700,24,9,5,7,6
31,3,813,55,8,3,0,6
32,4,1500,61,8,4,0,2
33,5,6250,48,5,2,0,5
34,3,1579,27,8,5,0,6
35,3,1100,41,10,5,0,6
36,3,1500,39,3,4,0,9
37,2,4500,78,10,5,0,3
38,5,2000,66,8,3,0,3
39,4,1625,40,8,5,0,6
40,5,2400,29,9,5,0,3
41,5,4000,48,7,1,12,5
42,3,1400,40,4,3,0,9
43,4,1875,53,9,3,0,3
44,3,1100,42,9,3,0,5
45,2,2700,47,8,3,0,6
46,2,1140,72,5,1,0,1
47,5,2200,31,7,3,48,3
48,5,3000,88,3,4,0,5
49,3,2500,31,10,5,7,6
50,3,1650,35,8,4,0,1
51,5,2650,69,10,5,0,3
52,5,650,66,10,5,0,2
53,2,1000,76,9,2,0,5
54,5,860,67,6,3,12,9
55,2,1100,58,4,3,0,2
56,2,400,68,9,4,0,5
57,3,1500,25,10,4,0,6
58,5,3500,59,9,3,10,2
59,3,1300,40,9,3,0,6
60,5,1520,30,9,5,0,5
61,2,600,62,8,3,0,3
62,5,2000,26,9,4,0,6
63,3,714,54,3,3,0,2
64,5,700,69,6,4,24,9
65,5,3000,28,8,5,0,6
66,2,1050,83,10,3,0,6
67,3,1063,56,10,3,0,2
68,3,800,65,4,3,0,3
69,2,265,80,8,1,0,6
70,4,1800,28,9,5,0,3
71,2,1900,51,8,3,0,9
72,2,600,66,8,4,0,3
73,2,1650,58,8,3,0,3
74,2,1063,73,5,4,0,9
75,3,940,56,4,2,0,2
76,5,1600,82,8,3,0,1
77,3,1000,47,7,3,0,6
78,2,450,36,10,5,0,2
79,3,1100,59,9,4,0,6
80,5,710,21,8,3,72,6
81,4,1800,40,8,4,0,5
82,5,1600,48,5,3,9,1
83,4,900,62,8,3,0,6
84,2,1000,88,8,3,0,6
85,3,2100,54,7,2,4,3
86,2,4000,35,8,3,0,9
87,3,1000,69,9,3,0,9
88,3,688,62,8,4,0,3
89,3,700,49,8,4,0,1
90,5,1600,37,8,4,0,6
91,5,1750,52,8,5,0,6
92,5,2000,31,6,4,6,2
93,5,3000,67,9,5,3,2
94,2,3000,48,9,4,0,6
95,5,2100,66,5,2,0,1
96,5,2100,36,9,4,15,6
97,4,1625,44,5,4,0,1
98,5,6250,44,9,4,0,2
99,4,1100,64,7,3,0,6
100,2,1500,76,9,3,0,1
101,2,1500,51,10,5,260,6
102,3,1200,46,9,3,0,3
103,3,1400,66,8,4,0,5
104,3,995,46,10,3,0,5
105,3,1875,61,9,4,0,2
106,2,1800,66,8,3,0,3
107,3,2300,55,8,5,12,6
108,4,2875,38,9,4,33,2
109,5,2000,33,9,4,0,6
110,3,1000,78,5,3,0,3
111,5,1650,41,8,4,0,2
112,3,2060,33,8,4,0,9
113,2,592,19,5,3,0,11
114,4,1300,41,7,5,0,1
115,5,1750,45,10,5,0,6
116,3,150,20,4,2,84,3
117,2,2100,33,2,3,0,9
118,3,4200,38,7,3,0,9
119,5,4000,48,8,4,0,6
120,3,1600,57,8,5,0,9
121,5,1600,26,10,5,0,2
122,4,2300,33,9,5,0,2
123,2,8750,62,10,4,144,9
124,3,1625,62,9,5,0,5
125,3,1300,52,7,4,0,3
126,5,938,73,10,4,0,6
127,2,450,38,8,5,0,1
128,3,2100,39,9,5,192,3
129,5,4500,52,7,3,0,6
130,5,1500,58,10,2,0,6
131,3,750,50,8,3,0,3
132,5,400,18,9,3,0,6
133,3,2170,38,9,3,0,1
134,3,2875,54,8,4,0,9
135,3,1900,57,10,5,194,6
136,3,480,52,4,1,0,6
137,5,2000,34,8,4,0,2
138,5,4800,52,10,5,0,3
139,5,1750,37,9,4,0,2
140,5,1625,56,8,4,0,5
141,2,1600,36,5,2,0,2
142,5,3600,40,8,3,0,2
143,3,320,60,6,3,0,3
144,3,850,51,3,3,0,6
145,2,700,74,9,4,0,2
146,5,4500,60,9,4,38,2
147,5,1100,70,9,5,30,2
148,4,688,64,8,5,0,6
149,3,1000,64,9,3,0,9
150,3,1850,41,9,4,0,2
151,5,900,65,9,4,0,1
152,3,1000,25,7,4,0,3
153,5,3000,56,8,5,0,3
154,5,1500,30,9,4,0,6
155,3,900,58,7,2,0,1
156,2,2000,58,8,4,0,3
157,2,350,57,5,1,0,9
158,5,2125,65,9,4,0,1
159,2,1200,78,7,4,0,1
160,3,1300,34,7,4,0,9
161,2,2600,77,8,3,24,5
162,5,4300,60,10,5,12,6
163,2,1100,49,5,4,0,9
164,3,1500,42,10,3,0,6
165,3,1300,51,7,3,0,1
166,3,1200,48,10,2,0,6
167,4,2259,39,7,4,13,2
168,3,804,65,8,4,0,3
169,2,3300,72,8,1,0,3
170,3,640,56,0,1,0,6
171,3,5000,51,9,5,0,5
172,3,1900,28,9,4,0,6
173,2,1100,44,3,2,0,9
174,4,2875,45,8,2,0,2
175,3,2000,25,9,4,0,9
176,3,440,18,8,3,0,1
177,5,1500,25,7,5,0,3
178,3,2000,28,3,4,0,9
179,5,3500,56,9,4,0,6
180,3,450,48,8,4,0,2
181,4,1700,40,9,3,0,5
182,2,820,72,10,4,0,6
183,2,1500,82,10,3,0,2
184,3,1100,53,8,4,0,6
185,3,1600,25,8,4,0,4
186,2,1400,84,9,2,0,6
187,3,1800,53,9,4,0,2
188,5,1400,20,8,5,3,9
189,2,4000,40,8,4,0,6
190,2,450,18,0,1,0,6
191,2,1800,76,7,2,0,6
192,3,1875,63,9,4,0,6
193,3,3500,58,7,3,0,2
194,3,1000,55,9,4,0,6
195,2,3000,66,8,3,0,6
196,2,1600,29,8,4,48,6
197,5,800,20,8,4,0,3
198,5,3000,48,9,4,0,6
199,2,2000,80,10,4,21,3
200,4,1500,61,5,3,4,2
201,4,1500,72,5,4,0,1
202,5,1500,65,8,5,0,6
203,5,3000,53,8,4,0,2
204,2,2250,32,10,4,0,3
205,2,1400,58,0,3,0,4
206,5,700,28,8,5,0,2
207,3,1200,48,8,3,0,9
208,5,2500,29,9,5,0,2
209,3,563,66,7,3,0,9
210,3,1600,68,6,3,0,6
211,5,2500,52,8,4,0,3
212,5,3400,33,10,5,13,5
213,3,1300,73,8,3,0,2
214,5,100,34,7,2,3,5
215,5,1000,24,8,4,7,2
216,5,500,54,10,3,0,5
217,3,2300,46,9,4,0,6
218,3,1200,67,9,4,0,1
219,5,2500,49,7,4,18,6
220,5,2375,33,8,4,0,6
221,3,2700,48,7,2,6,9
222,5,5200,40,5,3,0,6
223,5,1187,40,10,3,0,6
224,5,1900,35,8,3,0,6
225,2,1400,83,8,1,0,3
226,5,1260,76,8,3,0,3
227,3,850,73,3,3,0,2
228,5,3500,39,6,4,0,2
229,3,1100,43,7,3,0,5
230,2,1221,81,8,3,0,6
231,3,700,20,8,3,0,3
232,4,4200,37,9,5,24,6
233,4,3550,54,8,4,0,6
234,3,2500,67,8,4,0,6
235,5,3500,53,8,4,4,1
236,2,2000,64,8,4,0,6
237,5,1063,76,6,4,4,1
238,3,700,40,6,3,0,9
239,4,1800,42,9,2,12,2
240,3,2000,57,8,4,0,5
241,2,1260,64,5,2,0,3
242,3,625,41,7,3,0,6
243,2,1800,74,10,5,0,6
244,3,1600,48,5,2,4,1
245,5,800,29,9,5,0,2
246,5,1700,30,8,4,0,1
247,2,267,23,9,4,0,3
248,2,900,75,8,4,0,6
249,3,2100,43,8,4,0,3
250,5,1400,27,8,4,0,2
251,2,720,71,5,4,0,1
252,5,650,29,8,5,0,1
253,3,724,54,0,1,3,4
254,4,1100,34,8,3,81,3
255,3,3000,50,9,5,0,3
256,5,3500,64,9,4,0,3
257,2,110,73,6,3,0,2
258,3,500,22,10,5,240,2
259,5,1063,44,10,5,0,3
260,5,6000,54,9,4,11,6
261,3,1234,52,9,4,0,3
262,5,3200,47,9,4,0,3
263,4,2100,27,8,5,0,2
264,2,2000,35,10,4,0,6
265,5,4005,62,9,4,13,2
266,5,875,66,7,3,23,2
267,3,2375,61,8,3,0,2
268,2,900,75,5,3,0,3
269,2,700,48,10,5,0,3
270,5,3800,48,8,4,0,3
271,2,1100,82,7,4,0,1
272,2,1500,75,8,3,0,3
273,5,2200,48,7,4,80,1
274,5,1188,39,10,5,0,9
275,2,1625,31,3,3,0,1
276,2,291,73,9,4,0,6
277,3,1550,28,8,4,0,9
278,4,700,20,9,4,0,2
279,2,670,76,6,3,0,6
280,5,2800,53,10,5,0,6
281,2,1200,75,5,3,0,6
282,3,1600,31,10,5,60,3
283,3,1200,53,8,4,0,6
284,5,180,24,8,5,0,6
285,5,400,26,10,5,0,3
286,5,2080,30,9,3,23,2
287,5,4000,51,7,2,6,5
288,2,1400,25,7,4,0,9
289,5,2500,52,9,4,0,1
290,5,1800,45,7,3,9,2
291,5,3100,68,10,5,13,1
292,5,400,27,7,5,42,3
293,5,1600,31,9,4,0,3
294,3,1063,42,8,3,0,2
295,2,1200,76,6,3,0,9
296,3,1800,52,8,4,0,2
297,3,1188,48,9,4,0,9
298,3,2625,65,7,3,0,2
299,3,2000,40,6,2,0,6
300,5,3000,57,6,3,0,2
301,3,3000,50,5,4,0,6
302,3,3000,48,9,5,0,1
303,2,550,38,5,4,0,6
304,3,2875,54,10,5,0,9
305,5,1500,34,7,4,0,6
306,2,1477,76,4,1,12,3
307,2,1000,53,8,3,0,3
308,5,3400,60,8,3,0,6
309,3,1313,34,9,4,0,6
310,5,3000,88,10,5,0,9
311,3,3200,44,9,4,0,1
312,3,1700,86,7,3,0,1
313,2,450,67,10,4,0,2
314,5,1400,59,8,4,0,1
315,4,1200,53,7,3,0,3
316,4,2200,48,9,3,0,3
317,2,1450,85,4,1,0,6
318,5,2800,46,8,4,0,6
319,3,2375,59,9,3,0,6
320,2,1150,74,8,5,0,1
321,2,1700,51,10,3,0,3
322,2,1400,83,9,5,0,2
323,3,2375,57,6,3,0,6
324,4,1700,61,9,3,0,2
325,5,4000,29,9,4,6,3
326,2,1800,90,8,3,0,3
327,5,1650,45,7,5,0,1
328,2,1100,72,8,4,0,3
329,5,1200,49,7,4,0,1
330,3,1600,82,8,3,6,9
331,2,1300,55,8,3,0,3
332,2,1500,78,5,2,0,6
333,2,1400,39,6,3,24,3
334,3,3000,52,9,5,0,6
335,3,500,65,10,4,0,2
336,3,2200,59,7,5,48,1
337,4,900,69,8,4,0,1
338,5,4200,52,9,5,0,3
339,2,1800,80,8,2,12,3
340,3,1300,73,8,3,0,6
341,3,2000,29,9,5,0,6
342,5,1200,39,7,4,0,1
343,5,3000,44,8,4,24,1
344,2,420,61,8,4,0,2
345,5,1900,51,9,5,0,6
346,5,1875,56,9,4,0,2
347,3,1000,63,10,3,0,5
348,5,2400,42,8,2,0,3
349,2,700,32,6,4,0,9
350,3,813,73,8,4,20,2
351,5,3225,38,8,4,0,2
352,2,1400,80,6,1,0,5
353,5,3000,52,9,4,6,3
354,5,3200,32,9,4,30,5
355,3,1400,50,6,3,0,3
356,2,920,79,6,4,0,3
357,3,1500,45,3,3,0,5
358,4,2100,54,6,3,144,2
359,3,1800,66,8,3,0,6
360,5,30,76,10,5,108,6
361,3,1600,50,7,4,0,5
362,3,1800,28,10,5,0,5
363,5,1200,80,9,5,0,5
364,2,1500,53,10,4,0,6
365,2,900,80,5,2,0,1
366,3,800,39,7,3,144,2
367,2,1800,65,8,4,0,3
368,3,1100,29,6,5,0,3
369,3,1300,59,8,5,0,6
370,3,3500,58,9,4,0,3
371,2,830,61,7,1,0,3
372,4,3500,53,9,4,0,6
373,2,2500,56,9,4,0,9
374,3,1680,36,8,3,0,9
375,3,1600,38,8,4,0,9
376,2,1313,81,6,2,0,9
377,2,2625,49,7,2,0,9
378,2,1500,81,6,4,0,3
379,3,1200,50,8,5,0,9
380,5,630,34,3,1,0,2
381,5,3000,46,8,3,0,4
382,5,400,23,8,5,12,2
383,3,700,39,7,4,0,3
384,3,2700,45,8,3,0,3
385,5,2800,35,10,5,18,2
386,4,1800,54,9,3,72,2
387,3,1500,53,9,4,0,9
388,3,240,66,9,3,0,3
389,5,3100,50,8,3,0,3
390,3,730,56,1,1,0,6
391,3,600,54,8,5,0,2
392,2,1400,77,10,5,0,6
393,3,1200,78,7,2,0,1
394,3,2200,68,9,4,0,6
395,2,700,63,8,3,0,3
396,3,750,32,9,5,0,6
397,5,400,20,9,5,0,5
398,3,270,20,8,3,0,5
399,3,1100,59,9,4,0,2
400,5,2600,75,10,4,12,3
401,5,450,26,9,3,0,6
402,5,2500,76,7,2,0,6
403,5,120,26,7,5,0,2
404,5,2500,56,10,4,0,3
405,3,1188,71,8,4,0,5
406,3,415,54,8,4,0,6
407,3,1397,84,8,3,0,3
408,2,905,74,10,4,0,6
409,4,600,56,5,3,0,1
410,1,1050,65,5,3,0,1
411,5,2800,41,8,4,0,6
412,5,4000,48,8,5,60,1
413,4,1500,69,9,5,0,3
414,3,2000,39,10,5,18,6
415,5,2500,59,3,4,0,5
416,4,400,26,8,3,0,9
417,3,700,30,3,2,0,9
418,5,3400,66,8,4,0,9
419,3,3500,38,8,3,6,6
420,3,1800,35,5,2,0,3
421,3,450,53,8,3,0,2
422,5,4000,46,8,5,9,1
423,5,350,73,8,3,0,3
424,2,1500,58,4,2,0,5
425,5,3100,49,8,4,0,9
426,5,6250,33,9,5,15,5
427,2,3500,52,8,4,0,9
428,3,350,53,4,2,0,3
429,2,1200,74,8,4,0,3
430,2,1625,71,5,3,0,3
431,5,2400,48,8,3,0,3
432,5,450,28,9,5,18,2
433,5,1600,79,9,5,4,2
434,3,1500,28,10,5,0,1
435,3,1700,40,3,4,0,9
436,2,220,66,8,4,0,3
437,5,1100,28,8,4,0,2
438,5,3300,32,9,4,4,2
439,5,50,64,10,5,5,3
440,2,1200,57,10,3,0,6
441,3,1100,65,8,4,0,3
442,2,1500,79,8,3,0,3
443,2,980,79,8,4,0,6
444,3,4500,44,8,4,0,4
445,5,550,21,10,5,0,3
446,5,1300,24,7,4,0,5
447,3,1500,52,8,4,0,2
448,5,4000,49,10,5,36,2
449,3,2900,44,8,2,0,6
450,4,1300,76,3,4,0,9
451,3,1700,53,9,3,0,2
452,3,2100,47,8,4,0,5
453,2,420,74,8,2,0,6
454,4,4800,42,6,4,0,6
455,3,600,78,5,2,0,9
456,5,2000,47,9,4,5,6
457,3,800,29,9,4,6,3
458,2,1313,79,10,4,422,9
459,2,900,67,5,3,0,6
460,3,120,40,7,3,0,6
461,3,1100,51,7,3,0,3
462,4,1500,50,4,3,0,3
463,5,2400,71,10,4,0,3
464,5,700,65,8,4,0,6
465,2,900,43,8,3,0,9
466,2,1900,85,6,3,0,1
467,5,8750,47,9,5,8,5
468,2,1300,91,8,4,0,6
469,3,380,20,8,4,0,6
470,3,1063,65,8,3,0,3
471,5,3000,25,9,5,0,9
472,5,2500,72,6,2,0,2
473,2,1300,76,10,1,0,3
474,3,1400,20,8,4,0,6
475,5,600,36,7,4,216,6
476,5,2500,25,8,5,11,6
477,4,450,21,9,5,0,5
478,3,1100,54,9,5,0,3
479,2,725,49,6,3,0,6
480,3,850,69,5,2,0,6
481,2,1200,67,9,4,0,6
482,3,300,73,10,4,0,3
483,5,1577,21,7,4,0,2
484,2,1150,76,8,4,0,1
485,3,600,19,10,5,0,2
486,3,1800,46,7,4,0,1
487,5,600,22,9,5,0,5
488,5,800,51,7,4,0,2
489,2,1500,81,10,2,0,3
490,2,1400,76,8,2,0,1
491,4,813,51,9,4,0,6
492,3,1400,72,8,3,0,3
493,5,1400,38,9,4,0,3
494,3,1063,23,9,4,0,1
495,5,1600,46,10,5,0,6
496,3,1000,47,4,5,0,9
497,2,690,70,8,2,552,3
498,5,700,44,6,4,0,2
499,4,1800,50,8,4,0,1
500,2,1300,32,3,4,240,1
501,2,1200,84,5,3,0,1
502,3,700,41,7,4,0,3
503,5,450,19,8,4,0,5
504,3,2700,54,8,4,0,3
505,3,1600,47,7,5,0,6
506,5,2000,56,7,4,0,6
507,5,2500,46,9,4,0,9
508,5,6000,42,8,4,0,5
509,5,1313,30,10,5,65,3
510,3,3200,37,10,4,0,6
511,5,450,20,8,4,9,3
512,5,5000,55,9,5,0,9
513,5,3500,52,7,4,0,2
514,4,1200,66,8,4,0,6
515,5,2300,46,9,5,0,2
516,3,2125,36,8,4,0,9
517,4,2700,66,9,3,0,2
518,4,2950,31,8,5,0,5
519,3,700,63,10,4,0,2
520,5,400,27,8,2,0,5
521,2,1000,73,6,2,0,6
522,3,2300,75,7,2,0,6
523,2,1300,24,8,4,0,11
524,2,1050,74,4,2,0,6
525,2,2200,53,6,4,0,6
526,5,2875,42,8,3,0,3
527,3,1000,31,7,4,24,9
528,5,1700,49,8,3,0,2
529,5,2125,57,9,5,0,2
530,5,1550,28,8,5,0,2
531,3,1500,23,9,5,0,6
532,3,1000,35,7,4,0,1
533,3,1050,33,9,2,0,11
534,3,680,78,10,3,0,6
535,3,800,21,9,2,0,3
536,5,1300,75,8,4,0,6
537,3,1550,45,7,3,0,1
538,5,3000,68,8,3,0,6
539,5,550,24,6,5,0,2
540,3,2375,45,9,4,6,6
541,2,638,70,8,3,0,1
542,3,2200,49,8,3,0,5
543,3,2000,54,8,4,0,6
544,5,2500,40,8,4,50,5
545,3,1220,47,8,4,0,3
546,5,2300,83,8,4,0,1
547,2,1450,74,4,4,0,9
548,5,2800,28,8,5,0,6
549,2,960,73,9,4,0,6
550,2,440,77,5,3,0,6
551,5,3500,50,8,3,0,6
552,2,1650,65,7,3,0,3
553,3,813,74,10,5,0,6
554,5,1313,52,9,4,0,6
555,2,440,20,7,4,0,9
556,4,1500,35,8,3,0,9
557,5,1200,44,9,4,7,6
558,3,1300,65,8,3,0,5
559,5,1000,53,9,2,0,6
560,2,1950,78,10,3,0,9
561,5,800,21,8,5,0,6
562,2,1189,68,5,5,0,6
563,3,478,19,9,5,0,2
564,2,450,44,5,4,0,9
565,2,1000,47,1,3,0,3
566,2,1625,59,8,5,0,6
567,5,1200,71,7,4,29,1
568,5,3000,40,8,4,0,2
569,2,960,78,6,3,0,6
570,5,1200,22,9,5,0,2
571,3,450,20,9,4,0,1
572,4,2750,62,8,4,0,2
573,3,1875,61,9,5,0,3
574,3,1063,34,5,3,0,3
575,5,950,32,8,4,3,2
576,2,620,59,6,1,0,5
577,3,800,46,9,4,0,5
578,3,2300,48,6,2,0,6
579,3,650,50,8,3,0,6
580,2,3000,78,10,3,0,3
581,3,580,18,7,3,0,9
582,3,1200,77,5,2,0,3
583,5,1500,48,7,4,0,6
584,3,2400,43,8,4,0,6
585,2,1200,82,6,3,0,3
586,3,2600,30,8,3,0,6
587,2,1000,65,8,3,124,9
588,2,1000,77,9,4,0,5
589,3,1100,77,8,3,36,3
590,5,1000,54,5,2,0,1
591,3,970,75,6,3,0,1
592,3,850,65,9,4,0,3
593,5,1313,49,10,5,0,6
594,2,2000,46,9,4,0,9
595,5,755,64,10,4,170,1
596,3,860,73,5,2,0,3
597,2,1800,69,9,4,12,3
598,3,850,74,10,2,0,3
599,3,500,61,8,2,0,6
600,2,400,43,8,2,0,3
601,3,1200,44,6,3,0,4
602,3,1438,29,6,3,0,3
603,4,827,33,9,4,0,4
604,3,2500,42,8,3,0,2
605,5,2300,39,8,4,0,2
606,5,364,42,7,1,360,9
607,2,580,74,6,4,0,3
608,5,2800,34,8,4,0,3
609,3,500,26,10,5,0,3
610,5,550,23,9,5,0,4
611,3,2100,52,6,4,0,6
612,3,1500,50,9,4,0,6
613,4,2096,49,4,2,15,2
614,5,1200,61,9,4,0,6
615,5,2375,32,8,4,0,6
616,5,1300,33,8,4,0,2
617,5,1200,38,8,4,0,2
618,2,1200,80,5,4,18,6
619,5,2125,56,8,3,0,1
620,2,1800,90,5,1,0,1
621,4,2500,38,10,3,0,5
622,2,1300,78,8,3,24,1
623,5,2400,67,10,4,0,3
624,3,1800,77,10,3,0,6
625,2,1600,64,7,3,0,6
626,3,300,46,8,4,0,1
627,3,2125,56,8,3,360,6
628,3,2625,53,7,4,0,3
629,3,3000,57,10,5,0,2
630,4,3300,28,8,4,0,6
631,3,800,30,6,3,60,9
632,2,2250,57,9,4,0,2
633,3,1300,49,8,2,0,2
634,2,1000,65,7,3,0,9
635,2,2500,50,7,3,0,4
636,2,780,57,8,2,0,3
637,2,700,77,8,4,0,6
638,3,1600,30,10,5,0,2
639,2,720,51,2,1,0,9
640,5,4000,49,8,4,0,2
641,5,4600,45,7,4,40,6
642,2,1300,52,3,4,0,6
643,3,1400,31,7,4,0,9
644,3,450,53,2,1,0,11
645,3,1188,43,8,4,0,9
646,2,1700,64,8,4,0,3
647,5,1900,64,10,5,0,6
648,5,4500,47,9,5,0,6
649,2,1600,29,8,4,0,11
650,3,1313,50,5,3,0,3
651,4,2500,63,8,4,0,5
652,5,500,24,8,3,0,4
653,2,1500,75,8,4,1,6
654,5,2000,80,6,3,0,1
655,3,688,45,4,2,180,3
656,2,320,70,8,4,0,6
657,5,1840,40,7,4,0,2
658,1,220,63,10,3,0,3
659,5,3400,32,10,4,23,6
660,5,1188,38,9,4,0,2
661,4,300,25,9,5,0,9
662,2,700,49,9,3,0,6
663,2,2300,76,9,3,0,6
664,5,2000,40,8,4,18,2
665,3,938,80,10,2,0,6
666,4,300,19,7,5,0,3
667,3,3300,49,8,4,0,5
668,3,1500,23,8,4,0,3
669,3,2350,52,9,5,0,3
670,3,1063,61,10,4,0,2
671,5,720,20,9,5,0,3
672,3,615,70,6,2,0,1
673,3,900,62,7,4,37,6
674,3,2400,68,7,3,0,6
675,5,1620,26,9,4,0,2
676,4,1550,62,7,3,380,3
677,5,4250,56,9,4,6,9
678,3,1400,40,6,2,0,1
679,5,450,28,8,5,0,3
680,3,1650,59,9,4,0,6
681,3,1700,58,6,3,0,1
682,2,1200,76,9,2,0,5
683,5,2125,47,8,3,0,3
684,3,1100,50,7,4,0,2
685,3,8000,48,9,3,0,3
686,5,4100,59,9,3,0,6
687,4,5000,59,8,4,0,6
688,2,1000,62,9,5,0,6
689,5,3000,53,10,2,0,6
690,5,500,20,10,5,0,3
691,3,3000,34,8,4,0,9
692,4,4000,53,7,4,0,6
693,3,600,56,9,4,24,2
694,3,3450,59,9,5,0,3
695,3,2200,83,10,4,0,6
696,2,1600,25,7,4,0,11
697,5,3500,38,9,3,18,5
698,3,550,86,6,3,0,2
699,3,2200,45,9,3,0,6
700,3,2000,27,8,5,0,6
701,3,1300,25,8,4,0,3
702,2,890,78,7,3,0,9
703,4,450,42,9,5,0,6
704,3,3000,58,9,4,0,6
705,4,3200,51,9,5,0,2
706,3,1100,54,7,4,0,2
707,3,1450,63,9,4,0,6
708,5,2600,64,9,5,24,5
709,3,2600,60,10,4,0,3
710,3,3000,47,8,4,0,6
711,3,600,66,8,2,0,6
712,2,1625,80,10,2,12,6
713,2,600,57,10,2,0,9
714,2,1200,69,8,4,0,6
715,3,7500,61,8,4,0,5
716,3,2000,51,5,5,4,2
717,5,3300,44,8,3,0,6
718,3,2600,65,8,3,0,5
719,4,1100,52,10,4,0,3
720,5,1500,45,10,4,0,5
721,2,1000,80,9,4,0,6
722,4,600,46,5,2,0,3
723,3,800,57,8,3,0,6
724,3,1200,54,10,5,48,2
725,3,2000,49,8,4,0,6
726,5,6250,76,10,4,48,5
727,5,7500,52,8,4,0,6
728,3,700,23,6,3,0,1
729,3,1590,66,7,3,0,9
730,5,1900,68,7,4,450,3
731,5,400,42,8,4,24,1
732,5,8000,72,9,4,0,9
733,5,800,29,10,5,0,2
734,5,563,37,7,3,24,3
735,5,3600,38,8,5,0,6
736,5,2000,43,6,3,0,3
737,5,700,19,7,5,9,1
738,5,1200,66,8,3,0,9
739,5,2400,27,6,4,0,1
740,3,1300,35,8,4,0,2
741,3,1220,33,6,3,0,4
742,3,1000,56,7,2,0,11
743,3,280,34,9,5,0,11
744,5,3500,53,8,4,0,6
745,4,2000,27,8,3,0,1
746,2,2100,70,8,3,0,6
747,3,3000,68,7,3,10,9
748,5,1500,35,7,4,0,1
749,3,1000,73,4,1,0,6
750,4,1200,30,9,4,0,6
751,5,450,21,10,5,0,6
752,5,850,36,6,4,24,6
753,4,2200,81,10,3,0,2
754,3,890,68,10,4,96,6
755,3,1400,71,9,4,0,3
756,2,1200,86,8,3,0,6
757,2,2000,84,9,3,0,1
758,2,4200,52,9,4,0,3
759,3,3300,53,9,5,0,6
760,5,1500,48,8,3,0,2
761,3,480,18,9,5,0,6
762,3,2500,47,8,3,0,5
763,2,563,70,5,2,0,3
764,5,2000,50,8,5,6,2
765,3,1100,90,10,4,0,3
766,3,813,47,9,3,0,2
767,5,4300,46,9,4,0,3
768,3,1100,24,7,4,0,1
769,4,3500,48,8,4,0,9
770,3,750,53,5,1,322,9
771,4,2600,45,8,4,0,2
772,2,1800,68,10,4,0,3
773,5,750,22,9,4,0,1
774,3,813,65,8,3,242,6
775,3,2250,38,8,3,3,5
776,2,750,66,5,2,0,5
777,4,1650,30,8,4,0,1
778,5,1400,76,10,5,18,3
779,2,1000,49,5,3,0,3
780,3,930,24,9,4,0,9
781,3,4000,50,10,5,0,6
782,2,1875,88,7,2,0,5
783,5,2300,36,8,4,0,6
784,5,1900,51,5,4,36,1
785,3,450,19,6,4,0,6
786,3,1250,44,8,3,0,1
787,3,1438,39,9,4,0,9
788,4,3100,58,8,3,0,9
789,5,5500,60,10,5,0,2
790,2,1438,54,7,4,0,6
791,5,5000,50,9,4,0,6
792,2,1800,24,7,4,96,1
793,3,600,61,6,2,0,1
794,3,3400,58,9,2,0,5
795,5,8750,45,9,5,6,6
796,2,1000,78,6,3,0,6
797,5,900,38,7,3,6,2
798,5,650,39,9,4,18,3
799,3,950,68,7,2,12,1
800,3,2900,34,10,5,9,5
801,3,1800,33,5,5,0,9
802,3,800,61,8,3,3,6
803,5,2000,26,5,4,60,2
804,5,1800,66,9,4,0,9
805,3,1500,29,10,4,0,6
806,5,2450,32,8,4,6,3
807,2,1100,70,5,3,0,9
808,3,2875,44,9,3,0,3
809,3,1800,82,8,4,0,1
810,3,1350,38,8,4,0,3
811,2,1200,21,4,4,0,2
812,5,1188,48,3,5,0,6
813,3,800,76,10,4,0,6
814,2,938,35,8,4,0,3
815,4,1625,28,8,5,0,9
816,5,3000,64,8,4,0,3
817,5,570,24,8,4,0,2
818,5,480,26,8,5,6,3
819,5,7500,67,10,4,0,5
820,2,1100,88,10,3,200,3
821,3,1400,78,8,4,0,3
822,3,900,62,9,3,0,3
823,5,1900,60,5,2,0,1
824,2,700,64,10,4,0,3
825,5,3000,27,8,5,0,3
826,3,78,75,10,4,0,5
827,3,938,53,7,4,0,1
828,3,800,53,7,4,6,6
829,5,2200,34,10,5,36,6
830,5,2100,33,9,4,0,6
831,5,2600,42,8,4,24,6
832,3,1000,54,3,2,0,3
833,2,1188,76,8,2,0,6
834,5,3500,63,8,4,0,6
835,5,2875,51,4,4,36,2
836,5,1500,44,8,4,0,2
837,5,620,72,7,3,0,6
838,3,1625,20,10,5,0,9
839,3,2500,56,9,3,0,6
840,5,4000,43,8,5,0,6
841,3,1800,36,9,5,108,6
842,3,2400,50,8,4,0,5
843,3,770,33,8,4,0,6
844,5,1200,48,8,5,0,3
845,2,688,35,10,5,0,2
846,2,4000,58,8,4,0,3
847,2,938,64,7,2,0,3
848,2,435,20,5,1,4,2
849,3,1500,60,9,4,0,3
850,2,970,44,7,4,0,2
851,2,2000,44,6,3,0,6
852,3,1600,45,8,4,0,5
853,2,901,65,8,3,0,6
854,3,2100,37,7,4,0,5
855,2,1200,68,9,4,0,5
856,5,650,65,7,3,0,2
857,3,1850,68,8,4,0,1
858,3,2500,36,4,4,0,9
859,3,820,76,4,4,0,6
860,5,1000,87,8,4,0,1
861,5,4500,49,7,4,0,3
862,5,2200,47,9,5,0,9
863,2,800,44,10,4,0,3
864,5,457,21,10,4,0,6
865,4,813,70,9,2,0,6
866,2,1000,73,9,4,0,1
867,2,1300,56,5,3,0,6
868,2,1600,77,8,4,0,5
869,5,3000,33,9,4,0,3
870,2,800,81,6,4,0,2
871,2,1200,70,9,3,0,2
872,3,2800,53,9,4,0,2
873,3,1100,64,9,3,0,3
874,2,2700,62,8,4,0,3
875,3,813,44,9,4,0,2
876,2,970,69,6,3,0,3
877,3,1400,54,6,2,0,5
878,5,950,21,9,4,0,6
879,3,2375,41,8,4,0,5
880,3,2000,65,8,4,0,3
881,2,1400,47,6,3,0,9
882,3,300,79,8,3,264,6
883,2,404,61,5,1,0,9
884,4,2500,47,7,4,0,9
885,2,550,68,10,4,0,5
886,3,735,21,9,5,60,9
887,5,2000,48,8,4,280,2
888,5,950,44,10,4,0,6
889,2,3500,59,10,5,0,3
890,3,2125,59,8,3,0,3
891,3,2200,52,9,4,0,2
892,5,3000,44,10,4,6,6
893,2,2000,62,10,5,0,5
894,5,1100,64,9,4,6,9
895,5,2500,66,8,4,0,9
896,5,3600,44,8,5,168,1
897,5,3300,33,9,4,0,3
898,2,1200,77,8,3,0,5
899,2,2500,61,9,2,0,3
900,4,1600,30,8,3,10,1
901,5,920,80,9,4,0,2
902,3,1260,47,8,4,0,9
903,5,1500,22,10,5,3,2
904,3,1875,37,8,3,0,6
905,3,1700,75,8,4,0,6
906,2,1400,86,7,3,0,3
907,3,1100,37,8,4,120,3
908,3,1200,41,9,4,0,3
909,3,1438,51,8,4,0,3
910,3,2300,65,10,4,18,6
911,2,880,72,5,3,0,3
912,2,300,20,8,4,4,3
913,5,4100,43,10,4,96,6
914,5,1800,59,8,3,0,9
915,3,2000,54,8,4,0,2
916,2,2200,64,9,4,0,2
917,4,1500,56,8,4,0,2
918,3,1500,31,8,4,0,3
919,2,500,32,8,4,0,9
920,5,1200,45,4,3,0,3
921,5,600,26,6,4,0,5
922,5,300,20,9,5,0,6
923,1,1600,81,8,4,0,6
924,2,1069,76,9,4,0,3
925,3,800,18,10,5,0,3
926,4,2150,28,9,5,0,3
927,3,165,33,6,5,0,2
928,3,1400,48,8,4,0,5
929,5,1438,86,8,4,6,1
930,3,1188,46,7,3,0,2
931,2,1100,55,9,2,0,1
932,3,1800,57,8,3,0,11
933,3,1220,74,5,1,0,6
934,3,340,19,9,5,0,3
935,3,765,32,9,5,0,3
936,2,1300,81,10,4,75,9
937,3,2300,57,9,4,36,3
938,3,680,20,8,5,0,6
939,5,450,25,4,2,5,6
940,5,2800,65,8,3,6,9
941,3,1200,45,8,5,0,6
942,5,650,44,8,5,0,6
943,2,1078,60,3,4,0,9
944,3,2200,35,10,5,0,6
945,5,4800,32,10,4,0,6
946,3,813,65,9,5,0,3
947,3,970,56,8,2,0,5
948,1,1800,85,7,2,24,3
949,5,2875,70,9,3,0,6
950,4,1300,65,8,3,0,1
951,5,2800,36,7,2,8,2
952,3,430,65,9,3,0,5
953,5,3500,36,7,4,60,6
954,3,2300,51,9,4,0,9
955,3,2400,77,8,3,168,6
956,2,2500,60,10,3,0,3
957,1,900,85,7,3,0,6
958,3,700,58,7,4,0,1
959,5,2125,34,8,5,0,2
960,3,3500,69,9,3,0,6
961,5,450,48,8,5,68,6
962,3,3000,63,10,3,0,3
963,3,1000,62,10,3,0,9
964,2,5000,56,10,4,0,6
965,3,1700,56,5,4,0,1
966,5,1600,66,8,4,0,3
967,5,813,67,7,4,0,6
968,2,1500,81,4,1,0,6
969,3,1200,78,8,3,0,6
970,3,528,65,8,3,0,6
971,2,800,70,8,4,0,6
972,5,1900,42,7,4,0,3
973,2,1800,79,8,3,0,6
974,3,1188,47,5,3,0,3
975,3,1200,66,8,3,0,5
976,3,2500,88,6,2,0,1
977,4,1300,66,9,4,0,1
978,1,2000,84,10,3,0,3
979,5,2000,36,7,4,0,9
980,2,1340,76,9,4,0,9
981,2,997,82,7,3,0,3
982,5,2000,82,9,4,0,2
983,2,2000,35,7,3,0,6
984,3,1188,55,10,3,0,6
985,2,2600,55,9,3,0,2
986,3,1500,41,10,4,0,6
987,2,900,37,10,4,0,2
988,2,900,76,8,2,0,6
989,2,2000,63,7,3,0,6
990,3,1400,51,5,4,0,9
991,5,2125,69,8,5,0,6
992,2,2000,52,10,4,0,5
993,3,850,67,10,5,0,6
994,5,1600,25,8,5,0,6
995,3,1900,34,8,4,0,2
996,3,1100,51,8,4,0,9
997,2,1800,65,9,4,0,2
998,5,4000,42,8,4,0,3
999,3,136,57,1,1,60,9
1000,5,1600,43,8,4,0,6
1001,3,1200,75,7,2,0,3
1002,4,1000,35,9,4,0,1
1003,5,3000,33,8,4,24,6
1004,3,955,73,5,1,0,6
1005,3,1300,62,8,5,0,6
1006,5,600,33,7,5,60,6
1007,5,1800,34,9,4,0,1
1008,3,950,52,5,3,0,9
1009,3,500,66,7,3,0,2
1010,5,3500,46,8,5,0,6
1011,3,3500,32,7,4,0,1
1012,5,600,28,7,4,0,3
1013,5,2400,67,8,4,24,6
1014,3,2000,26,8,4,4,1
1015,3,3500,57,8,4,0,6
1016,3,1400,49,9,4,0,6
1017,2,950,62,5,1,0,2
1018,2,3000,78,8,3,0,6
1019,3,950,67,9,4,0,3
1020,3,3000,81,8,4,0,6
1021,5,300,20,9,5,0,3
1022,5,2850,48,9,5,0,6
1023,2,2300,38,10,2,154,2
1024,5,2000,80,10,2,24,3
1025,2,1100,21,8,3,0,3
1026,3,850,39,10,5,0,2
1027,5,3750,59,9,4,0,6
1028,5,1000,36,10,5,15,2
1029,5,2000,45,7,3,0,1
1030,3,5000,38,10,4,0,6
1031,2,2000,36,9,5,0,3
1032,3,1000,47,7,4,0,2
1033,3,1400,71,8,4,240,5
1034,5,8000,76,9,4,0,3
1035,3,4200,60,8,2,0,6
1036,4,1600,34,8,4,0,6
1037,4,700,22,7,4,0,3
1038,2,3500,65,6,3,0,6
1039,5,3600,50,9,4,0,3
1040,5,2875,69,8,4,0,2
1041,2,650,69,5,2,0,6
1042,3,500,67,10,4,4,5
1043,3,1500,55,5,3,0,9
1044,3,2000,45,9,4,0,6
1045,3,1200,50,8,4,0,3
1046,2,3100,48,8,4,0,9
1047,3,1100,71,7,3,0,3
1048,3,1711,34,6,3,0,1
1049,2,2125,71,8,3,0,5
1050,5,2000,65,10,4,40,6
1051,4,1800,67,9,4,0,3
1052,3,1000,63,9,5,0,1
1053,5,3100,44,9,4,0,6
1054,2,1500,82,10,3,0,6
1055,5,2700,56,8,4,0,2
1056,5,2000,49,5,3,0,3
1057,3,8750,67,9,3,0,2
1058,5,1500,29,9,5,9,6
1059,3,1875,51,9,4,0,3
1060,3,1625,73,8,3,0,9
1061,3,813,51,8,4,0,6
1062,4,450,21,3,4,0,1
1063,2,837,37,5,3,192,9
1064,5,2500,74,8,4,0,5
1065,4,250,23,8,4,0,1
1066,3,1400,43,8,4,0,3
1067,2,1400,77,6,3,0,3
1068,3,1600,52,10,4,0,3
1069,4,4500,76,8,5,96,6
1070,5,280,22,9,4,0,1
1071,5,650,26,6,4,0,6
1072,4,1600,31,9,5,0,1
1073,2,1400,57,10,5,0,6
1074,3,1800,70,8,4,0,6
1075,4,2000,58,3,3,0,6
1076,2,1800,59,7,4,0,6
1077,5,1200,47,8,4,3,6
1078,5,2400,31,10,5,0,5
1079,3,1313,24,7,4,0,4
1080,4,1313,41,9,5,0,6
1081,4,1700,55,10,3,0,2
1082,2,983,37,7,5,0,6
1083,2,1185,64,9,3,0,5
1084,3,938,52,9,4,0,9
1085,5,1750,44,7,4,0,6
1086,3,675,45,7,2,0,3
1087,5,1188,21,10,5,0,6
1088,5,3800,52,7,4,12,1
1089,2,1000,40,6,3,0,6
1090,5,1734,35,9,5,6,3
1091,4,460,72,9,3,0,2
1092,5,800,40,7,4,0,2
1093,3,1016,73,5,3,0,3
1094,2,1220,78,7,2,0,1
1095,5,1050,71,8,3,0,3
1096,3,1800,72,8,3,0,1
1097,5,1800,81,8,3,0,6
1098,4,3800,75,8,3,0,3
1099,3,4200,72,8,3,0,6
1100,5,1600,46,9,5,16,2
1101,3,1350,60,8,4,0,9
1102,3,1063,58,8,4,0,1
1103,2,720,55,5,2,0,1
1104,5,1188,49,7,3,276,6
1105,3,1600,91,5,3,0,3
1106,3,2000,60,8,3,0,9
1107,3,890,72,9,4,0,6
1108,5,2300,37,9,5,96,2
1109,3,813,49,8,3,0,11
1110,2,700,42,8,4,0,4
1111,5,2000,37,8,4,12,6
1112,2,1200,77,8,4,0,6
1113,2,532,38,3,2,0,9
1114,5,597,24,7,4,60,2
1115,2,1800,66,7,2,36,9
1116,3,1188,41,6,4,0,2
1117,5,4000,46,8,5,11,2
1118,3,360,75,8,4,0,2
1119,5,3500,36,10,4,0,6
1120,2,1100,54,10,3,0,3
1121,3,2300,46,8,4,0,6
1122,2,1500,41,8,4,36,9
1123,2,780,68,9,2,0,6
1124,3,2000,77,10,3,0,6
1125,2,930,73,5,3,0,9
1126,5,3300,51,10,5,0,6
1127,2,1450,78,8,3,0,9
1128,3,1400,64,5,5,0,5
1129,5,1200,54,9,4,96,6
1130,3,3500,64,8,4,0,6
1131,3,1010,65,9,4,0,6
1132,3,1100,59,7,3,0,1
1133,3,450,38,9,4,12,3
1134,4,2500,52,8,2,0,9
1135,5,840,38,6,4,300,2
1136,3,1400,36,5,3,0,6
1137,4,2600,59,10,4,0,6
1138,3,1500,51,5,3,0,3
1139,2,938,78,5,2,0,6
1140,2,3000,38,10,4,132,2
1141,3,600,61,3,1,0,9
1142,2,1000,69,10,4,0,3
1143,3,3200,74,8,4,0,5
1144,3,1100,35,7,4,0,1
1145,5,1370,36,7,1,0,2
1146,5,2125,59,9,4,0,3
1147,5,3500,33,8,5,3,5
1148,2,900,61,8,2,552,3
1149,5,8000,65,8,4,0,3
1150,2,1000,45,3,2,0,11
1151,2,1600,52,8,3,0,9
1152,5,2500,67,8,3,0,2
1153,2,1050,74,7,2,0,6
1154,5,1100,43,8,4,0,3
1155,2,600,74,10,1,0,3
1156,4,1700,34,8,4,0,3
1157,5,2000,55,8,4,5,1
1158,5,400,30,8,4,9,2
1159,5,700,24,8,3,0,4
1160,4,3300,77,8,3,0,6
1161,2,900,80,10,4,0,6
1162,5,2000,62,9,3,0,6
1163,3,1200,52,8,4,0,2
1164,4,300,24,9,4,0,2
1165,4,2050,40,9,4,0,6
1166,3,900,72,3,3,0,1
1167,5,500,23,7,3,0,2
1168,3,1550,26,8,5,0,2
1169,5,564,64,9,5,0,5
1170,4,2625,64,8,4,0,9
1171,2,1440,84,8,3,0,6
1172,3,1900,54,6,1,0,9
1173,3,5000,52,9,4,0,9
1174,5,5000,85,7,2,0,9
1175,3,1700,30,8,3,0,3
1176,3,1800,58,7,4,0,3
1177,4,1300,34,9,4,0,6
1178,5,3400,58,8,4,0,1
1179,4,4500,38,10,3,5,6
1180,2,1050,75,3,1,0,6
1181,3,750,76,9,3,0,1
1182,3,300,40,3,2,0,3
1183,1,900,27,5,5,0,6
1184,4,8750,34,7,4,0,6
1185,5,2000,67,8,4,11,2
1186,3,688,55,8,3,0,2
1187,5,1600,28,6,3,0,1
1188,3,2200,54,8,4,12,3
1189,2,1000,85,10,1,0,6
1190,5,2640,33,7,3,0,6
1191,2,1100,68,0,3,0,3
1192,3,1350,27,9,4,0,2
1193,5,7000,54,9,5,12,2
1194,4,2100,26,3,5,0,9
1195,5,5000,87,9,4,0,9
1196,5,4000,56,9,3,0,6
1197,2,350,64,9,3,0,6
1198,3,2500,40,8,4,0,6
1199,5,4200,43,8,4,0,3
1200,2,938,47,8,4,0,6
1201,5,1600,38,6,4,0,3
1202,3,3500,51,9,3,0,6
1203,2,2500,53,8,3,0,9
1204,3,2700,31,8,3,0,6
1205,3,982,67,6,2,0,6
1206,2,360,52,0,1,0,2
1207,5,2000,57,10,5,0,6
1208,3,2125,58,8,3,0,6
1209,3,900,65,4,2,0,1
1210,2,1600,69,9,3,0,3
1211,5,6000,57,9,4,0,6
1212,5,3500,48,9,4,12,2
1213,3,2500,48,8,4,0,6
1214,3,650,63,5,2,0,3
1215,3,2000,56,8,4,0,3
1216,3,1600,51,9,4,0,6
1217,3,2000,85,5,2,0,3
1218,3,2600,37,9,5,216,5
1219,5,3000,59,7,3,0,2
1220,5,550,18,7,2,3,2
1221,5,300,75,10,5,0,6
1222,4,4500,54,8,1,120,9
1223,5,4500,57,8,4,0,6
1224,3,750,59,7,2,0,9
1225,5,660,65,3,2,0,9
1226,5,400,23,8,4,0,6
1227,5,2000,37,8,5,6,5
1228,5,3500,52,7,4,0,6
1229,1,399,26,4,2,0,3
1230,5,1200,38,9,3,4,2
1231,2,1600,85,8,2,0,6
1232,3,590,43,6,4,0,1
1233,5,400,24,6,5,0,3
1234,2,2000,62,9,4,0,9
1235,2,1000,54,9,3,0,2
1236,5,1600,79,10,3,500,6
1237,5,4300,58,10,5,0,5
1238,4,875,51,10,3,3,3
1239,5,2125,71,8,5,240,5
1240,5,2400,33,8,5,8,2
1241,5,700,82,9,3,0,2
1242,5,1000,25,8,4,0,9
1243,5,1000,26,10,4,12,6
1244,3,350,68,10,5,0,2
1245,5,4000,48,8,4,0,2
1246,5,3200,70,10,4,36,3
1247,3,1100,64,10,4,0,2
1248,2,200,77,7,2,0,3
1249,3,1550,30,8,3,30,4
1250,5,1700,74,6,3,0,6
1251,2,700,87,5,1,0,6
1252,3,2200,30,8,4,0,2
1253,5,530,78,9,3,0,6
1254,5,2000,48,8,4,0,6
1255,2,1300,63,9,4,0,6
1256,5,2300,33,8,3,0,2
1257,2,1300,65,6,1,0,3
1258,2,1100,54,5,2,0,9
1259,3,2500,62,8,3,0,6
1260,5,65,18,9,5,0,1
1261,3,1300,42,8,4,300,3
1262,3,380,41,3,4,0,1
1263,3,3900,51,9,4,0,3
1264,5,1200,20,8,5,0,3
1265,3,2625,46,8,4,0,2
1266,1,500,76,9,4,0,3
1267,5,2300,55,9,4,0,2
1268,2,1438,67,9,4,0,6
1269,2,1900,52,8,5,0,2
1270,5,1800,36,9,4,4,2
1271,5,2600,29,4,5,0,3
1272,5,3300,86,9,3,0,6
1273,2,2400,73,0,4,0,5
1274,2,563,54,1,1,0,9
1275,5,900,50,8,3,0,2
1276,5,1400,37,9,4,0,2
1277,5,3500,72,8,4,0,6
1278,3,250,68,9,2,0,5
1279,2,674,57,5,1,0,6
1280,2,1200,73,7,1,0,1
1281,3,1100,50,8,4,0,3
1282,4,2700,51,9,3,0,6
1283,3,2125,45,7,5,84,3
1284,3,1700,51,8,4,0,5
1285,5,150,45,7,4,0,2
1286,3,2000,47,10,4,0,2
1287,4,700,19,9,5,0,3
1288,5,500,23,8,5,0,1
1289,2,1040,50,6,5,0,3
1290,2,730,70,8,3,0,6
1291,2,2200,71,7,3,0,6
1292,3,2050,62,8,3,0,9
1293,4,450,45,10,5,244,6
1294,3,1600,59,10,5,0,3
1295,3,2400,31,8,2,0,5
1296,5,2125,28,8,4,250,6
1297,5,2600,29,10,5,63,2
1298,5,1500,84,8,4,0,6
1299,2,1625,36,9,4,0,3
1300,3,700,58,10,3,0,2
1301,3,1600,34,7,4,0,9
1302,3,2875,62,7,3,0,2
1303,3,938,46,2,2,0,2
1304,3,2300,61,5,4,0,3
1305,5,620,21,10,4,0,2
1306,5,2400,76,8,3,0,6
1307,5,1080,81,5,3,0,5
1308,3,800,53,7,2,0,6
1309,5,4500,41,9,4,0,5
1310,3,1100,26,8,5,0,6
1311,5,1400,74,10,3,0,3
1312,2,1900,59,8,3,0,9
1313,2,1000,53,5,3,0,5
1314,5,670,35,9,4,0,6
1315,5,1313,40,8,3,18,5
1316,2,3000,59,5,3,0,9
1317,2,2000,60,8,2,0,6
1318,2,1050,37,7,4,0,11
1319,4,1200,83,7,2,0,3
1320,3,1188,44,3,2,0,6
1321,5,1800,45,6,4,0,2
1322,3,1200,49,10,4,0,2
1323,2,520,83,10,4,0,3
1324,2,1438,50,8,2,0,3
1325,4,100,42,9,2,0,1
1326,5,4500,45,9,4,4,3
1327,2,600,60,8,3,0,6
1328,3,2875,57,7,3,0,3
1329,5,3400,50,8,3,0,6
1330,3,800,68,4,3,0,3
1331,3,4000,42,9,5,0,3
1332,5,1600,27,9,5,0,6
1333,2,2125,90,9,3,36,5
1334,3,650,36,9,5,0,6
1335,5,400,27,7,2,0,2
1336,4,1700,59,10,3,0,5
1337,2,750,26,3,3,0,1
1338,5,2000,30,8,4,0,6
1339,5,830,31,1,1,0,2
1340,5,2400,53,8,3,0,1
1341,5,2875,43,9,4,7,3
1342,3,1833,81,8,2,0,3
1343,2,1600,38,9,5,0,2
1344,2,1980,72,5,2,4,2
1345,4,2400,30,8,5,180,4
1346,3,2250,38,9,4,0,6
1347,3,1100,81,9,4,36,3
1348,3,2625,70,10,3,0,5
1349,3,3500,54,8,4,0,6
1350,3,1400,69,5,1,0,3
1351,4,1700,29,9,4,0,6
1352,2,1400,56,5,4,0,3
1353,3,2200,45,9,4,0,3
1354,5,1000,19,9,5,0,2
1355,3,950,46,8,4,0,5
1356,3,665,35,8,2,0,9
1357,3,2200,75,8,1,0,6
1358,5,3500,43,8,4,0,9
1359,3,1200,45,7,3,0,5
1360,3,1700,49,8,3,0,9
1361,3,400,47,6,5,0,1
1362,3,350,45,10,4,0,11
1363,2,3000,55,7,3,0,3
1364,4,2100,35,8,4,0,9
1365,5,450,56,10,4,6,6
1366,4,800,55,8,5,0,5
1367,3,2500,40,10,5,0,3
1368,3,1200,69,8,4,0,9
1369,3,922,69,10,3,0,3
1370,4,600,24,8,4,24,1
1371,5,300,22,8,4,0,6
1372,3,1000,57,3,1,0,6
1373,3,1000,51,5,3,0,9
1374,5,1800,59,9,3,0,3
1375,4,2000,63,9,3,0,2
1376,4,2000,40,9,2,0,2
1377,2,1200,79,10,3,0,3
1378,3,1500,51,10,4,0,2
1379,5,1300,66,8,5,6,2
1380,4,1500,44,6,4,12,2
1381,3,820,63,10,3,0,6
1382,5,1500,37,9,3,0,5
1383,5,2300,50,10,5,36,2
1384,2,1500,45,6,4,100,2
1385,2,1200,75,6,3,0,6
1386,5,2300,74,9,4,0,5
1387,2,1200,73,7,4,18,9
1388,3,1500,35,8,4,0,6
1389,3,950,75,5,3,0,3
1390,3,1500,77,8,2,0,3
1391,4,2000,51,9,4,9,2
1392,5,6500,72,8,5,72,5
1393,5,1400,36,9,5,0,9
1394,3,2500,49,9,4,0,3
1395,2,1100,69,10,3,0,6
1396,3,200,28,8,5,0,3
1397,2,2000,72,10,5,0,6
1398,5,650,22,8,5,0,6
1399,3,880,37,8,3,0,2
1400,3,1350,55,6,5,0,9
1401,2,1400,86,10,3,0,6
1402,4,650,30,8,4,0,9
1403,5,1875,25,8,3,0,3
1404,5,450,28,9,5,42,2
1405,3,1313,55,8,3,0,3
1406,4,1200,37,9,4,8,6
1407,4,990,42,8,3,192,3
1408,5,4000,46,8,4,0,5
1409,2,1875,78,5,4,0,1
1410,3,1200,33,10,5,0,3
1411,2,1100,50,10,4,0,2
1412,3,760,34,5,5,0,9
1413,3,1800,34,8,2,0,9
1414,5,3000,72,7,4,0,6
1415,4,1200,33,9,5,0,6
1416,5,4000,74,6,3,108,6
1417,3,2800,89,8,2,0,6
1418,3,1400,57,8,4,0,9
1419,3,900,60,3,3,0,9
1420,3,735,65,10,5,0,2
1421,5,3300,46,9,5,12,6
1422,3,4000,58,8,3,0,9
1423,2,720,66,9,3,0,1
1424,5,4200,58,9,3,0,6
1425,3,3000,58,9,5,0,9
1426,3,1188,60,6,3,6,6
1427,5,6250,51,7,3,0,9
1428,5,2000,60,8,3,12,2
1429,3,4400,52,8,3,0,6
1430,3,950,19,10,4,0,3
1431,5,4500,48,8,4,12,6
1432,3,1200,26,7,2,0,4
1433,5,2200,40,9,3,0,6
1434,3,1000,66,9,1,0,6
1435,5,2500,30,9,5,0,6
1436,3,400,60,7,3,0,6
1437,2,600,71,6,3,0,3
1438,3,750,60,10,4,0,6
1439,4,2070,56,7,3,0,6
1440,2,1200,85,8,3,0,2
1441,2,1000,79,9,2,0,6
1442,5,2500,64,5,2,0,3
1443,5,500,33,9,5,6,3
1444,2,1500,36,7,3,10,2
1445,3,1313,70,10,5,48,6
1446,5,3000,48,7,3,0,3
1447,5,2200,48,8,5,0,3
1448,5,2300,61,7,3,15,1
1449,2,1500,47,9,4,0,3
1450,2,480,88,6,3,0,6
1451,5,1430,78,10,3,0,3
1452,5,3000,64,7,4,360,9
1453,3,1875,34,8,3,0,3
1454,4,1800,89,7,1,30,3
1455,5,1388,36,10,4,8,2
1456,5,1500,56,9,4,0,6
1457,5,440,22,7,5,0,4
1458,5,2050,56,4,2,10,9
1459,5,3500,37,10,5,0,6
1460,3,2500,35,3,2,0,6
1461,3,2300,27,9,5,60,6
1462,5,500,56,9,4,0,2
1463,2,1200,76,8,4,0,6
1464,3,1000,28,7,4,0,9
1465,4,2400,60,9,2,0,2
1466,3,1350,65,8,4,0,9
1467,3,1600,49,10,5,0,3
1468,2,1063,82,10,4,0,3
1469,3,1500,62,8,4,0,2
1470,2,2000,55,8,4,0,6
1471,3,2500,55,9,5,0,3
1472,2,2700,59,7,3,0,9
1473,4,1600,48,6,3,0,6
1474,3,1750,39,6,4,9,9
1475,2,300,37,9,3,0,6
1476,3,6500,42,10,4,0,9
1477,5,4500,65,9,2,20,2
1478,3,1438,52,8,4,0,6
1479,4,1300,21,6,4,0,1
1480,2,200,42,7,2,0,9
1481,5,150,70,8,3,0,2
1482,3,450,50,8,4,0,6
1483,5,2200,66,10,3,0,3
1484,2,1400,71,8,3,0,9
1485,2,1100,65,6,3,0,9
1486,2,2500,52,7,3,0,6
1487,2,1900,58,9,2,0,3
1488,5,5000,44,9,5,0,6
1489,3,1400,63,9,2,0,6
1490,3,1900,55,7,3,0,1
1491,2,2000,62,10,3,0,3
1492,3,2000,61,10,4,0,9
1493,5,1200,23,9,5,6,2
1494,2,2800,76,6,1,0,2
1495,3,688,57,9,4,0,3
1496,2,1350,76,8,2,0,3
1497,5,8750,59,8,3,6,5
1498,3,2500,53,5,3,0,9
1499,5,1500,37,9,4,36,3
1500,3,900,48,6,2,257,6
1501,2,320,56,5,1,0,6
1502,5,412,32,10,5,0,2
1503,3,1500,45,8,3,0,3
1504,3,586,65,6,2,0,9
1505,3,1600,57,9,3,0,3
1506,5,4500,46,9,5,0,6
1507,4,3500,43,8,3,4,3
1508,2,1438,79,9,2,0,5
1509,2,800,45,4,5,0,5
1510,4,1200,47,8,1,0,2
1511,3,2875,63,9,5,0,6
1512,4,5000,42,9,3,18,5
1513,5,6250,73,9,4,0,5
1514,4,1500,45,6,3,0,9
1515,5,1400,29,9,5,21,2
1516,4,800,59,8,2,0,2
1517,4,1400,48,8,2,0,2
1518,3,2400,55,6,4,420,1
1519,2,1500,82,5,2,0,6
1520,5,936,63,4,3,0,9
1521,2,900,76,8,2,0,9
1522,4,950,31,8,3,0,1
1523,2,1200,55,6,3,0,9
1524,3,500,44,8,4,0,3
1525,2,1300,64,7,5,0,5
1526,3,2000,52,8,4,0,1
1527,2,1300,64,10,4,0,6
1528,4,640,21,7,4,0,3
1529,5,5000,60,9,4,0,2
1530,3,2625,47,8,4,0,3
1531,2,200,56,9,5,0,6
1532,5,2000,32,9,5,0,1
1533,2,450,59,9,4,0,2
1534,2,2000,57,8,3,0,2
1535,3,1250,31,8,3,0,4
1536,5,3500,48,8,4,0,3
1537,5,2400,51,7,3,0,6
1538,3,1800,55,7,3,0,1
1539,2,2200,50,7,3,144,2
1540,5,3100,36,9,5,3,9
1541,5,476,24,5,4,0,2
1542,3,404,42,5,2,0,11
1543,3,1500,87,10,2,0,6
1544,3,1300,47,5,2,0,5
1545,3,1063,77,10,3,0,1
1546,5,1100,35,10,4,18,6
1547,5,1300,26,4,5,78,6
1548,2,450,75,9,4,4,5
1549,5,2000,69,9,3,0,6
1550,3,360,56,9,2,0,3
1551,3,2625,82,8,3,0,6
1552,5,3800,33,8,5,354,2
1553,3,2000,46,8,3,0,2
1554,2,1800,70,10,5,0,6
1555,5,3000,79,8,3,0,3
1556,3,1300,50,6,4,0,1
1557,3,688,66,9,5,0,2
1558,5,1350,56,10,4,0,3
1559,3,2000,52,10,5,0,3
1560,2,2700,75,9,4,0,3
1561,5,1000,68,9,2,6,6
1562,2,1000,30,3,2,0,5
1563,5,600,62,7,2,0,6
1564,3,1394,63,7,3,0,1
1565,5,1700,43,8,4,0,2
1566,3,1080,72,8,3,0,3
1567,3,1500,26,8,5,0,6
1568,5,9500,64,8,4,0,5
1569,2,520,75,10,5,0,6
1570,3,1200,78,0,3,0,6
1571,5,2500,48,8,4,0,9
1572,3,800,68,7,4,0,3
1573,2,1200,62,10,4,0,3
1574,3,650,68,8,2,400,3
1575,5,1300,31,8,5,18,3
1576,3,1500,63,8,2,0,6
1577,5,700,21,7,5,12,2
1578,2,887,62,10,3,0,3
1579,5,1200,39,5,2,16,2
1580,3,2500,83,9,4,24,5
1581,5,450,22,8,4,0,3
1582,3,359,33,5,2,0,11
1583,2,900,80,5,2,0,6
1584,4,8750,32,10,5,6,6
1585,3,1100,44,10,4,0,2
1586,5,2125,56,6,4,0,2
1587,3,2000,57,9,3,0,5
1588,3,1063,75,9,4,0,9
1589,2,2625,60,10,2,260,9
1590,4,1600,65,8,4,6,3
1591,3,3000,46,10,5,0,6
1592,5,2125,60,8,5,0,6
1593,3,500,53,8,5,0,2
1594,2,1500,57,8,2,9,3
1595,3,1500,75,9,4,0,1
1596,2,1313,63,7,4,0,6
1597,5,3000,23,10,5,0,6
1598,3,1100,82,5,4,0,3
1599,4,1600,22,10,4,0,3
1600,3,2300,43,9,4,0,3
1601,3,2875,45,8,4,0,6
1602,3,2100,25,8,2,0,3
1603,3,2000,46,9,4,0,4
1604,3,1000,65,9,4,0,3
1605,4,266,24,8,4,0,2
1606,3,1800,64,8,4,0,1
1607,2,1400,66,9,4,0,6
1608,2,1700,79,8,2,0,3
1609,3,2200,30,5,4,12,9
1610,3,600,62,10,4,0,6
1611,2,700,76,9,4,0,5
1612,2,4500,78,9,2,9,1
1613,3,1100,23,9,5,0,9
1614,5,550,23,7,4,6,2
1615,2,1450,34,8,4,0,3
1616,2,750,23,7,3,0,1
1617,4,770,28,5,5,0,9
1618,5,2000,67,8,4,0,2
1619,3,1438,32,8,4,0,9
1620,4,4000,43,8,4,0,6
1621,3,4000,48,7,5,0,6
1622,3,2375,43,8,4,0,6
1623,3,2875,52,9,4,0,2
1624,3,350,74,10,3,218,5
1625,3,1625,33,7,2,0,9
1626,5,3500,55,8,4,0,6
1627,3,1300,53,8,3,0,2
1628,2,1050,72,10,2,0,6
1629,5,2000,39,10,5,0,6
1630,3,1500,48,5,4,0,5
1631,3,1600,38,7,4,0,5
1632,3,560,65,5,3,0,6
1633,5,2700,52,8,3,0,2
1634,2,1200,91,6,4,0,3
1635,3,960,49,9,4,0,3
1636,2,800,81,5,1,0,6
1637,3,970,37,5,1,0,9
1638,2,2200,69,9,4,24,5
1639,3,2000,73,10,3,0,2
1640,5,1875,41,10,3,0,3
1641,5,2500,63,7,4,0,6
1642,3,938,69,7,4,0,9
1643,5,1500,61,8,4,12,2
1644,3,2500,54,6,3,0,9
1645,3,460,57,8,4,0,6
1646,4,1800,52,9,4,0,2
1647,4,2900,65,9,4,0,6
1648,5,1200,37,7,5,6,6
1649,5,2400,29,8,4,5,3
1650,5,813,27,8,4,14,3
1651,5,600,21,8,5,0,6
1652,5,3200,58,8,3,0,1
1653,3,2125,53,8,3,0,5
1654,5,4500,55,9,4,0,2
1655,3,1600,34,9,5,0,5
1656,2,1800,72,8,3,0,3
1657,3,1100,49,8,4,0,2
1658,4,4500,47,8,4,0,6
1659,2,2000,63,7,3,0,9
1660,4,2375,51,10,5,0,5
1661,3,900,31,9,4,228,3
1662,3,1400,54,8,4,0,6
1663,3,2500,73,8,3,0,5
1664,5,1200,71,10,3,36,1
1665,3,1625,38,8,3,0,1
1666,2,1200,54,8,3,0,3
1667,5,400,22,8,5,0,2
1668,2,2700,50,8,4,0,6
1669,2,1400,67,9,4,0,3
1670,4,350,19,10,5,0,6
1671,5,1800,29,8,5,0,3
1672,3,1200,54,9,4,0,6
1673,3,2600,67,8,4,0,6
1674,5,1100,77,9,4,0,1
1675,5,3000,52,9,4,0,2
1676,4,2400,42,5,3,0,1
1677,3,800,40,9,4,0,3
1678,4,2700,47,9,3,0,2
1679,3,1450,64,8,4,0,3
1680,3,800,62,7,1,0,3
1681,2,1063,32,10,5,0,4
1682,5,2500,56,8,4,0,6
1683,3,1375,46,9,5,0,6
1684,3,2300,71,7,3,0,2
1685,5,1200,39,9,5,0,6
1686,3,800,51,8,4,0,3
1687,3,600,71,10,3,0,6
1688,5,2875,48,7,4,0,3
1689,3,1438,83,8,4,0,5
1690,3,280,61,8,4,0,6
1691,5,2200,32,8,5,0,5
1692,5,850,24,8,4,0,2
1693,5,4200,55,8,3,0,6
1694,3,1100,80,9,3,0,6
1695,4,3600,42,10,4,0,3
1696,5,1082,25,8,2,0,2
1697,3,650,56,10,4,0,1
1698,5,3500,68,10,4,0,6
1699,2,1330,70,8,3,0,5
1700,5,2125,44,8,4,0,5
1701,2,913,64,5,3,0,2
1702,3,850,67,8,3,180,6
1703,2,1200,76,5,3,0,6
1704,2,1150,59,1,3,0,3
1705,3,1600,43,8,4,0,11
1706,5,2125,34,8,4,0,3
1707,5,800,26,8,4,0,3
1708,3,1875,56,7,4,0,5
1709,2,370,61,9,4,0,6
1710,3,2375,56,7,4,84,1
1711,5,6000,57,9,2,36,5
1712,3,1800,34,5,5,0,3
1713,3,1000,28,3,4,0,6
1714,3,1650,67,9,4,0,1
1715,5,3200,34,8,4,7,2
1716,3,1800,73,8,4,0,6
1717,4,300,72,10,4,0,3
1718,3,650,53,8,3,0,3
1719,3,820,50,6,2,0,5
1720,2,1200,63,6,4,0,6
1721,3,1300,25,8,3,0,1
1722,3,670,25,9,4,0,3
1723,4,1500,34,9,5,0,1
1724,3,2600,53,7,3,0,6
1725,2,2125,68,9,3,0,6
1726,3,600,37,7,3,0,2
1727,5,4000,58,10,5,36,3
1728,3,1100,57,8,4,0,9
1729,5,4500,53,8,4,3,5
1730,2,1200,71,10,5,0,3
1731,5,1100,97,8,2,0,2
1732,5,1200,26,10,5,15,6
1733,3,400,66,7,3,60,6
1734,2,1800,33,8,4,160,1
1735,2,1800,46,5,3,0,6
1736,5,1100,20,9,4,6,1
1737,3,1500,38,4,1,0,1
1738,5,600,26,8,4,6,1
1739,3,1100,48,8,4,0,2
1740,5,900,29,9,4,0,2
1741,3,2700,40,9,5,0,2
1742,3,1875,63,8,5,0,2
1743,5,900,51,10,2,0,9
1744,4,1550,57,8,4,84,2
1745,3,1100,47,7,4,0,4
1746,5,1700,32,8,3,0,3
1747,5,1750,20,10,4,6,2
1748,3,2000,57,8,3,24,6
1749,5,2000,49,9,5,0,3
1750,3,1700,55,8,4,0,3
1751,3,400,50,4,3,0,2
1752,5,1800,23,8,5,0,6
1753,5,2100,55,9,4,0,3
1754,3,813,50,8,4,0,6
1755,2,1800,25,8,4,0,6
1756,5,2400,31,8,4,8,4
1757,5,1200,78,7,3,0,1
1758,5,1800,40,7,5,12,1
1759,4,3000,60,8,4,0,6
1760,3,900,70,8,3,0,9
1761,3,823,66,8,4,0,3
1762,3,500,52,7,2,0,6
1763,2,550,49,5,3,0,9
1764,3,3800,39,8,4,0,5
1765,2,950,71,6,5,0,9
1766,2,1500,65,8,4,0,2
1767,5,488,66,5,4,276,2
1768,2,1800,53,9,4,0,6
1769,5,900,47,8,5,0,2
1770,3,3800,57,8,4,0,3
1771,3,1800,54,6,3,0,3
1772,5,1,35,10,4,0,6
1773,3,2800,47,6,2,0,9
1774,3,450,64,9,3,0,6
1775,5,1500,53,8,3,0,3
1776,5,450,25,7,5,0,9
1777,2,1400,53,5,3,456,1
1778,5,4500,65,9,4,9,2
1779,4,3500,36,8,5,0,5
1780,2,1900,31,9,5,120,3
1781,3,1800,52,8,4,0,3
1782,5,2375,79,9,3,0,3
1783,5,2700,28,8,5,4,6
1784,2,1750,67,7,4,0,3
1785,2,800,75,9,3,0,9
1786,2,2050,43,8,2,0,6
1787,2,820,73,6,2,0,6
1788,2,2000,22,8,5,0,6
1789,4,3100,59,9,4,0,2
1790,2,1235,47,7,4,0,6
1791,4,1000,54,8,4,0,1
1792,5,2100,36,8,4,0,6
1793,3,1250,69,8,3,0,6
1794,5,2400,27,9,5,0,1
1795,3,1750,42,5,3,120,3
1796,5,1500,82,8,3,0,3
1797,5,500,32,6,3,0,2
1798,2,1063,75,8,3,0,3
1799,3,600,35,7,4,12,4
1800,5,1500,29,5,4,5,3
1801,3,938,46,6,3,0,3
1802,5,3000,41,8,4,0,6
1803,2,1500,70,10,4,0,6
1804,5,2100,68,8,2,0,2
1805,3,900,45,10,5,372,6
1806,2,1000,66,8,5,0,5
1807,5,5500,45,8,4,60,3
1808,3,816,59,4,2,0,6
1809,2,1000,68,7,5,24,6
1810,2,680,53,5,2,0,9
1811,4,1700,46,8,3,0,3
1812,5,2300,33,9,5,0,5
1813,1,45,54,5,2,0,2
1814,2,1200,76,10,3,0,2
1815,5,2500,69,8,4,0,3
1816,5,1429,26,7,4,0,5
1817,5,420,67,10,5,4,2
1818,5,450,23,9,4,0,6
1819,2,1300,48,2,5,0,1
1820,2,1500,65,7,1,0,3
1821,3,500,56,6,3,0,6
1822,5,1000,39,7,2,0,3
1823,3,1000,46,8,3,0,6
1824,4,3500,69,9,4,0,3
1825,3,1625,51,9,4,0,6
1826,3,1300,75,5,3,60,2
1827,5,2875,61,10,4,0,5
1828,3,390,55,6,1,0,1
1829,3,3000,50,9,4,0,3
1830,1,750,27,8,4,4,3
1831,4,150,58,10,5,0,6
1832,2,1800,57,7,4,0,3
1833,5,300,21,9,4,7,2
1834,5,2700,59,10,5,252,3
1835,3,1438,52,10,4,0,3
1836,5,1600,36,8,5,8,3
1837,3,2900,34,9,5,0,6
1838,2,1700,50,7,4,0,3
1839,5,1800,31,6,4,4,1
1840,5,2100,26,7,4,0,5
1841,2,688,76,9,3,0,6
1842,3,1800,31,8,4,0,5
1843,5,1500,23,8,4,0,5
1844,2,1200,76,6,3,0,1
1845,2,1400,73,8,4,0,6
1846,5,1750,52,8,4,0,2
1847,5,4300,61,10,4,0,6
1848,2,2375,75,10,3,0,2
1849,5,1990,28,8,4,24,1
1850,5,5000,46,10,3,0,2
1851,3,2211,23,9,5,0,6
1852,2,1800,66,7,3,0,2
1853,4,900,53,6,4,0,2
1854,5,1400,64,5,2,0,2
1855,5,875,30,8,5,6,2
1856,2,1800,48,10,3,0,5
1857,2,1500,63,9,2,0,5
1858,3,1500,73,9,4,0,3
1859,2,720,66,2,2,0,9
1860,3,1300,63,8,4,0,3
1861,2,1050,75,9,4,0,6
1862,3,1800,63,9,4,0,5
1863,3,1100,31,8,3,133,3
1864,3,813,66,9,4,0,6
1865,3,1000,46,8,4,0,9
1866,3,1400,53,10,4,0,3
1867,3,2300,44,8,4,0,1
1868,5,2000,89,9,3,0,6
1869,5,700,47,8,4,4,6
1870,3,3500,53,8,5,48,9
1871,2,1438,76,10,4,0,3
1872,5,3300,78,6,2,0,2
1873,5,2250,52,8,4,5,2
1874,3,1300,33,10,3,0,1
1875,5,2375,73,8,3,0,1
1876,5,6250,50,8,4,0,5
1877,3,353,56,10,2,0,3
1878,3,834,47,9,3,0,9
1879,5,3500,58,8,5,0,2
1880,3,850,67,10,5,0,6
1881,2,1100,87,8,3,0,3
1882,2,710,52,5,2,0,1
1883,2,450,47,4,1,0,9
1884,3,742,58,8,3,0,3
1885,2,795,63,8,4,0,5
1886,2,780,72,7,3,0,9
1887,4,3000,73,10,5,12,5
1888,4,8750,65,8,4,0,6
1889,3,1600,48,5,3,0,3
1890,2,200,80,8,3,0,3
1891,2,645,67,7,2,0,3
1892,3,845,68,4,3,0,3
1893,3,3900,49,8,4,0,5
1894,5,620,60,7,3,0,2
1895,5,1200,51,7,3,0,1
1896,5,1875,62,8,3,0,2
1897,3,350,53,6,2,6,6
1898,5,1300,26,7,3,0,2
1899,4,1875,53,10,5,0,3
1900,5,5000,34,8,3,15,6
1901,3,900,32,10,5,9,6
1902,2,1900,48,7,3,0,1
1903,5,1100,35,9,5,0,3
1904,3,1200,31,9,4,0,6
1905,4,1100,84,9,2,12,3
1906,4,1063,75,5,2,0,9
1907,2,800,44,6,3,0,5
1908,5,456,70,9,2,0,5
1909,3,896,51,7,1,0,2
1910,5,1800,84,10,4,0,3
1911,3,1875,54,9,4,0,3
1912,3,1500,64,9,2,0,1
1913,5,2000,42,8,4,0,6
1914,5,3300,32,8,5,0,6
1915,2,2400,49,9,4,12,6
1916,2,1000,38,8,4,0,3
1917,5,5000,52,8,4,360,1
1918,3,938,46,5,2,0,1
1919,2,1000,67,10,5,6,2
1920,3,450,44,10,3,0,9
1921,5,640,62,5,2,0,9
1922,5,2100,24,8,4,0,6
1923,3,800,50,8,4,0,2
1924,2,1900,29,8,5,0,3
1925,5,4500,68,9,5,6,6
1926,3,750,64,10,4,0,3
1927,5,1800,48,8,3,0,2
1928,5,6250,57,9,5,3,1
1929,5,1300,25,7,4,0,3
1930,2,1063,85,10,3,0,6
1931,5,150,18,9,5,0,2
1932,2,280,66,8,5,0,5
1933,2,1063,76,8,3,0,3
1934,3,2000,79,10,3,180,5
1935,2,1800,84,10,4,0,3
1936,3,1040,71,9,4,0,3
1937,1,400,51,2,1,0,9
1938,2,1009,64,10,5,0,6
1939,2,1188,60,8,3,4,2
1940,3,1625,48,8,4,0,3
1941,2,1188,65,8,4,5,3
1942,3,2400,48,10,4,0,9
1943,3,2500,76,9,4,0,6
1944,5,1200,60,8,4,36,2
1945,2,512,66,3,2,0,2
1946,3,800,63,7,3,70,5
1947,4,563,54,10,3,0,6
1948,2,1500,88,10,3,0,5
1949,3,1700,40,9,3,0,6
1950,5,3000,61,8,4,0,6
1951,5,380,30,10,4,0,6
1952,3,2000,71,4,3,18,6
1953,5,2700,60,8,2,0,1
1954,3,2500,30,10,5,0,6
1955,3,1500,64,8,4,0,6
1956,5,1875,75,8,4,24,3
1957,2,600,80,8,2,0,1
1958,5,2800,67,8,3,0,3
1959,2,1311,33,5,4,0,9
1960,3,1000,66,9,5,0,6
1961,2,1063,82,8,3,0,6
1962,3,6250,50,9,5,0,6
1963,5,3500,48,7,4,24,6
1964,3,280,36,7,4,0,9
1965,3,2400,57,7,4,0,9
1966,5,800,18,8,4,6,6
1967,3,688,67,8,3,0,3
1968,4,1500,53,9,4,0,9
1969,3,1375,38,5,3,0,9
1970,3,1500,29,8,5,0,9
1971,2,1400,60,4,3,0,9
1972,5,3500,67,9,4,5,5
1973,3,980,61,6,4,0,3
1974,5,7300,52,9,4,0,3
1975,3,1100,67,5,3,6,1
1976,3,2300,32,10,5,0,1
1977,5,950,57,5,2,0,1
1978,4,1300,78,8,4,0,5
1979,2,630,79,7,3,0,6
1980,3,1000,49,8,5,0,6
1981,3,2000,53,7,4,0,1
1982,3,990,63,7,3,0,9
1983,5,2100,51,7,2,12,2
1984,5,1750,32,9,5,10,3
1985,3,1875,55,7,4,0,6
1986,3,3000,48,8,4,120,6
1987,5,1340,47,8,4,0,2
1988,2,500,78,8,3,0,9
1989,5,900,46,3,2,4,1
1990,2,2000,57,10,3,360,6
1991,5,500,23,6,4,0,2
1992,5,400,22,7,5,0,3
1993,5,450,40,10,5,18,3
1994,3,3000,49,8,3,0,5
1995,3,1450,53,10,4,0,1
1996,2,680,67,8,3,0,6
1997,3,1600,56,4,2,0,9
1998,2,1625,68,7,2,0,3
1999,2,1800,62,9,4,0,6
2000,3,2000,52,9,5,0,2
2001,4,4000,64,9,4,24,3
2002,5,1600,33,2,3,12,2
2003,5,1000,67,7,3,0,3
2004,3,1600,37,7,4,0,9
2005,3,1600,48,7,4,0,6
2006,5,2100,25,10,5,12,2
2007,5,1800,42,8,4,6,6
2008,3,1200,44,9,5,60,5
2009,3,800,32,10,4,0,9
2010,5,3500,51,7,3,12,2
2011,2,1400,83,5,2,0,2
2012,2,700,84,7,1,0,1
2013,4,3500,90,6,3,36,1
2014,5,1800,46,8,3,36,1
2015,2,3000,50,9,3,0,4
2016,5,3500,55,8,3,0,5
2017,3,1500,23,9,4,0,3
2018,3,2400,49,10,2,0,3
2019,2,1188,34,10,3,168,3
2020,3,1200,41,7,3,0,9
2021,2,1200,71,8,5,0,6
2022,5,1200,64,8,4,48,5
2023,3,2600,29,7,4,0,6
2024,5,3400,79,10,4,0,5
2025,3,1500,51,8,3,0,9
2026,4,5000,68,9,4,0,5
2027,5,200,23,9,5,0,6
2028,2,460,40,3,2,0,1
2029,3,800,60,8,4,0,1
2030,5,2125,81,10,5,48,2
2031,2,1000,42,10,4,0,3
2032,3,1600,52,7,3,0,3
2033,3,1500,55,9,5,0,1
2034,5,556,25,9,5,11,6
2035,3,1000,60,8,1,0,6
2036,5,2700,67,10,4,0,2
2037,2,2200,66,10,5,0,5
2038,5,2000,45,10,5,0,6
2039,3,1200,48,8,3,0,6
2040,5,901,77,8,4,0,1
2041,5,2500,44,9,5,12,6
2042,3,688,62,6,4,0,1
2043,5,2300,31,9,5,0,6
2044,3,700,52,8,2,0,9
2045,2,1188,74,5,3,0,1
2046,4,2700,51,5,3,0,2
2047,2,1650,63,7,3,0,3
2048,2,1300,22,7,4,0,6
2049,4,1700,52,9,5,4,2
2050,2,1875,56,7,4,0,3
2051,2,1438,81,8,4,0,9
2052,5,470,19,8,4,0,11
2053,5,1400,76,5,4,0,9
2054,3,1188,66,10,5,0,6
2055,5,2125,69,9,4,0,6
2056,3,1450,46,8,4,0,9
2057,2,1625,79,9,4,60,2
2058,2,4000,74,9,3,48,3
2059,2,1625,60,7,4,0,3
2060,5,1300,29,9,5,0,9
2061,5,3000,28,8,4,0,5
2062,3,550,57,10,4,0,6
2063,2,2125,67,10,3,0,3
2064,2,1200,20,5,5,0,6
2065,3,1500,67,8,4,17,6
2066,3,800,42,5,3,0,6
2067,2,1050,74,8,4,0,3
2068,3,900,65,6,3,0,1
2069,5,2500,60,10,5,6,2
2070,2,730,22,6,5,0,9
2071,2,1600,54,5,3,0,6
2072,5,2400,52,6,4,0,1
2073,3,1400,64,8,3,0,2
2074,5,3200,40,9,4,0,4
2075,5,688,20,7,4,0,5
2076,3,2300,51,9,4,0,3
2077,5,2050,23,9,5,0,5
2078,3,550,67,5,4,0,9
2079,2,1100,44,10,2,0,9
2080,5,1800,55,7,3,0,6
2081,5,2600,47,8,4,0,1
2082,3,1200,28,8,3,0,6
2083,5,3500,49,7,3,0,2
2084,3,524,69,8,4,0,3
2085,3,2000,59,9,5,0,6
2086,5,2150,25,6,3,0,3
2087,3,1500,26,8,4,0,2
2088,5,1438,57,9,4,0,1
2089,3,2400,63,10,4,0,6
2090,3,772,20,9,3,0,6
2091,5,450,27,8,5,0,6
2092,3,404,56,5,3,0,5
2093,4,1800,24,9,4,0,3
2094,5,5800,60,10,5,0,6
2095,3,1500,51,10,4,0,6
2096,2,400,84,7,3,0,3
2097,2,776,77,7,2,0,3
2098,5,3500,62,8,2,180,3
2099,2,550,74,9,3,0,9
2100,4,700,19,8,4,12,2
2101,5,800,83,8,3,48,2
2102,4,2000,53,7,4,0,9
2103,3,758,47,5,2,0,6
2104,4,4500,54,9,4,0,2
2105,5,1200,32,10,5,6,2
2106,5,3200,33,8,4,0,6
2107,5,3500,55,8,3,0,1
2108,5,550,64,10,4,0,1
2109,4,860,58,6,3,0,1
2110,3,1400,72,9,3,0,6
2111,5,2800,73,8,3,48,1
2112,3,1300,57,9,4,0,1
2113,3,1500,54,7,4,0,3
2114,3,1000,64,6,4,0,3
2115,5,2400,45,9,5,72,6
2116,2,2200,65,7,3,0,9
2117,3,192,40,8,5,0,1
2118,5,2000,49,7,4,0,2
2119,5,1500,46,9,4,0,5
2120,3,1625,51,8,3,0,3
2121,3,300,71,8,3,15,5
2122,3,3090,73,9,5,0,6
2123,3,500,53,5,1,0,9
2124,4,1900,32,9,3,144,1
2125,2,2100,36,7,3,234,5
2126,3,1900,56,9,4,0,3
2127,2,850,76,7,2,0,6
2128,2,700,53,10,4,0,3
2129,2,450,46,10,5,0,9
2130,3,813,48,8,4,0,6
2131,5,6250,28,9,4,4,6
2132,2,1800,44,8,4,0,3
2133,5,660,21,9,4,0,2
2134,5,2700,32,8,4,0,6
2135,5,3200,42,9,5,0,2
2136,2,1200,77,7,4,0,3
2137,1,1200,82,6,2,0,6
2138,3,1313,55,8,4,0,6
2139,3,2000,31,8,5,132,2
2140,2,1500,21,7,4,0,3
2141,2,1625,75,10,3,0,2
2142,5,2400,35,9,5,0,3
2143,3,7000,57,10,4,0,9
2144,2,1800,79,7,3,0,3
2145,2,1400,66,10,2,0,6
2146,3,3000,48,10,4,24,2
2147,5,500,73,8,2,0,3
2148,3,1100,64,10,4,0,6
2149,3,580,20,9,3,0,9
2150,5,1500,57,7,2,0,2
2151,2,760,72,5,3,0,9
2152,2,650,50,5,3,0,5
2153,3,1600,56,7,3,0,6
2154,5,2500,73,9,3,0,9
2155,3,1300,49,7,2,0,6
2156,5,3400,66,9,5,0,3
2157,5,1875,46,7,4,0,1
2158,3,1300,67,9,4,0,1
2159,4,1625,30,7,3,0,1
2160,5,250,23,10,5,24,3
2161,2,360,49,4,2,18,3
2162,5,750,49,6,3,0,2
2163,4,3500,42,9,5,0,6
2164,3,2875,54,7,4,0,3
2165,4,800,65,8,3,0,1
2166,5,3000,50,8,4,0,2
2167,5,1400,70,10,4,0,6
2168,3,3500,35,9,4,0,3
2169,5,1000,22,9,5,0,6
2170,2,500,64,9,4,0,6
2171,2,1400,74,10,3,0,6
2172,4,600,27,7,4,0,2
2173,5,250,23,9,5,0,6
2174,5,1800,67,6,4,0,6
2175,4,1100,28,7,4,0,1
2176,5,1500,39,8,2,0,3
2177,3,1830,72,9,5,0,3
2178,5,1500,58,4,2,0,2
2179,2,450,27,7,4,0,1
2180,5,3000,62,10,3,5,1
2181,3,1063,81,10,2,0,2
2182,5,3600,43,7,4,0,2
2183,3,450,51,6,3,0,6
2184,3,6250,46,8,4,4,6
2185,3,450,60,9,4,24,2
2186,2,890,77,8,4,0,1
2187,3,980,34,8,4,0,6
2188,4,2600,56,8,3,0,3
2189,3,1000,74,8,4,0,3
2190,3,1300,64,7,4,0,6
2191,5,4000,72,9,5,0,6
2192,5,1875,28,8,4,0,3
2193,5,2600,64,8,3,0,5
2194,5,1900,45,8,4,12,2
2195,3,250,35,8,4,0,2
2196,3,1063,35,10,4,0,11
2197,2,1200,73,10,3,0,6
2198,3,1900,71,8,3,0,3
2199,2,350,22,7,5,0,6
2200,2,607,68,7,4,0,6
2201,2,1050,77,7,3,0,3
2202,2,2125,56,8,4,0,9
2203,5,5000,49,9,3,0,5
2204,5,550,69,9,3,0,6
2205,3,1313,57,7,3,0,6
2206,5,300,21,8,5,4,2
2207,5,6250,49,8,4,5,5
2208,2,1500,86,9,3,0,3
2209,2,1060,67,8,3,0,1
2210,2,800,69,7,3,0,9
2211,5,1900,40,7,4,0,3
2212,2,2650,48,8,4,3,9
2213,2,1200,57,8,4,0,6
2214,5,3000,33,9,4,24,6
2215,5,3000,75,5,2,24,9
2216,3,1875,28,9,5,0,5
2217,2,650,35,8,4,0,9
2218,3,1875,61,8,2,0,9
2219,5,2800,48,8,3,6,4
2220,2,813,63,8,3,0,3
2221,3,1350,64,8,3,0,3
2222,5,1100,29,3,3,0,2
2223,2,2200,56,8,3,0,3
2224,5,450,22,6,3,0,3
2225,2,1600,79,5,4,0,6
2226,5,1438,77,7,4,72,3
2227,2,1100,74,10,4,0,2
2228,2,500,70,8,3,0,3
2229,3,404,57,6,3,0,9
2230,3,1400,54,7,4,0,3
2231,5,2100,48,9,4,0,1
2232,5,1700,42,10,4,0,6
2233,2,1600,78,10,4,0,5
2234,3,2000,59,8,3,0,6
2235,2,1000,63,7,3,0,3
2236,2,1200,51,5,2,0,9
2237,2,1100,81,8,3,0,6
2238,3,1000,50,8,4,0,2
2239,3,2625,53,9,3,0,6
2240,2,1300,76,10,3,4,5
2241,5,1700,30,8,4,12,1
2242,3,3000,69,8,4,0,9
2243,3,1063,33,8,4,0,6
2244,3,1200,42,9,5,3,6
2245,5,2600,62,10,3,36,5
2246,2,420,79,9,2,0,6
2247,5,1500,28,7,4,0,1
2248,5,1700,37,9,5,0,2
2249,5,991,73,7,3,0,3
2250,4,1200,59,9,4,0,3
2251,3,1500,59,7,2,60,9
2252,2,2400,53,8,4,0,3
2253,3,1800,55,9,4,0,2
2254,1,1300,35,8,4,220,3
2255,5,2100,28,9,5,0,2
2256,3,1500,48,4,3,0,9
2257,2,600,66,8,3,0,6
2258,3,1700,67,4,2,0,6
2259,5,2500,43,9,5,25,2
2260,3,1100,29,7,4,0,9
2261,2,795,65,10,3,0,6
2262,3,1625,61,4,3,0,9
2263,5,1875,63,7,2,12,1
2264,2,294,77,8,2,0,6
2265,2,3000,65,9,4,0,6
2266,5,2375,47,7,3,0,2
2267,2,1900,51,6,3,0,5
2268,5,700,29,10,5,0,3
2269,4,1450,60,7,4,0,6
2270,5,1500,72,5,2,0,1
2271,5,1500,70,7,3,0,1
2272,3,1100,63,9,4,0,6
2273,5,1800,24,9,5,0,6
2274,5,404,69,7,3,0,6
2275,2,1800,74,10,3,0,6
2276,3,1250,35,9,4,0,6
2277,3,1200,53,9,3,0,6
2278,3,1200,75,10,5,0,6
2279,5,3500,47,9,5,0,6
