,educ,inc,age,happiness,health,months_abroad,pref_party
0,4.585320120901271,3184.61761026888,57.83400303362087,10.017195383103227,4.176136626760487,-52.64765611064149,5.389530861467586
1,4.381310789747874,2378.1426881189736,58.02539071873671,5.171463317785555,2.644872044463734,5.100633148588063,3.080853580620778
2,5.125932509314534,677.6056103679934,60.03726946221325,6.096280663197938,2.9400065175711667,-22.5402947431858,4.306643287710847
3,1.773159198806398,-852.7456046178668,48.903540423041086,6.774667194531613,2.2198150680579873,-21.517876930379916,5.816988034187467
4,2.7178194946459,1330.7078538708438,63.276129841587874,7.854146143286321,3.0034282243226427,-71.32191657692779,7.726055269663804
5,7.0596810039530435,1845.600310233674,28.37616026072092,7.777337204454735,4.306810136415338,84.35195653204097,3.1829977001896865
6,4.0402852568049195,3352.5947930627153,42.75895402727227,9.519418194102439,5.12842706383905,-98.65309595773037,4.744021175070566
7,5.336586396100592,3748.998175849427,43.64690210724325,9.055749156977338,2.2237792511930783,9.388050889746035,3.7185795939658006
8,2.7545112892150816,837.8819849672013,55.04649536114014,5.318079898501135,3.5346973801124895,45.48592902057257,2.466894598203368
9,0.8673700401762687,1064.5536922492108,42.64761464130732,9.00078628137635,2.9709548259979357,19.754432215321494,7.531886640108084
10,4.482267649654385,3452.564324810307,54.221710509412866,7.189120253638713,4.3722609553926155,51.45266529459451,5.39182392152611
11,2.892434505726689,689.491348479962,67.01058930227761,7.141795909989162,3.4230772612099716,92.32363844355952,5.22602490821619
12,4.421585262341655,4206.517550793825,36.22094995261964,10.931880167505675,4.3513519528089555,66.97478883900858,4.218989227683335
13,4.1605953676964464,2328.8609204617633,40.28104867856801,7.742339960913257,3.4212532869503987,-24.970635453259003,4.503814883785566
14,3.5936621287144015,2142.1877798564315,53.35758016616893,7.156341777245396,3.2086469966818574,-29.043167888129513,5.542528296116404
15,3.782498281193747,1309.7653635955066,53.641198504251356,7.935286738843977,4.052547752429392,14.536296335214612,5.375097174299492
16,5.035781794022968,2001.4607393022718,60.05644032853206,8.783571645953376,4.449808153357131,0.4364059923843584,4.976760300489877
17,3.2498406183825406,1767.674393299466,34.7114056666659,7.68782311660406,3.237169681018357,-3.6993828247271203,1.6464717366846515
18,2.908864871815124,119.69533199812008,26.75019523316816,10.343580235380971,4.190003282409,45.89642200389348,1.6375864133948035
19,5.758276652248933,1812.8602952496772,36.06650575470673,6.555050440287831,3.2699206813811323,49.72913192436208,3.8690498926826113
20,1.6147858059977949,2224.7726798582457,65.945144338878,4.529580931235021,1.82190663520993,-27.013207657366788,7.280001855368843
21,5.392477665555756,1725.797468274996,16.7023654715085,5.723973137078623,2.650661537763532,109.54977431162877,4.217761039161328
22,3.3429794011228706,3279.973445494924,63.73822449319924,7.657700922535534,3.8671484545956756,42.53771360734616,5.712680332743092
23,3.015007733255544,1574.0186400867146,45.16432876565429,6.7477464607522375,1.2945744169433482,20.982851633987554,1.9813093916181637
24,3.9308745414402004,1396.2990307348014,57.92510540723757,6.026368703187901,4.783496745543182,-3.9665141002671636,0.8059544576382227
25,3.2985201598838727,694.5412097852568,37.771062754468744,8.268328723475236,2.2512832675137058,76.415021270852,-0.47888836484880404
26,3.0687912843930087,1687.8866003563398,63.33454842283357,8.423574185240518,2.908875489157266,-68.10063936030028,4.84087983537937
27,2.8606076784694237,1998.9787023648269,38.034138077023165,7.546932042313451,2.741081362101073,69.37775738551709,5.780228934825377
28,2.7265617883073157,1200.281831476449,79.97025645445771,5.887173055877914,2.4993418368347706,30.25479546537135,5.6644937304748995
29,2.3790110707291023,1246.4514686857178,49.421362605804376,8.534907220026918,3.4889821700893777,73.40758238027354,3.073899278347886
30,1.3441357431644692,1330.093186500018,91.49088496463443,7.690412088570409,3.0239078511452773,50.19638412999508,4.696244533178404
31,4.52744833974874,2762.436503184621,57.39195557240039,8.435944320030897,1.9530049544484762,64.4401950298602,2.5266268852365323
32,4.371858054779832,2840.4559721836595,56.454310312046715,5.934246585379116,3.9416091941543625,-26.817352394767862,1.3560419057308244
33,3.4881134141433052,3172.0924902834417,69.33322659132692,6.600745737967966,4.0225012128342,16.019882019933664,4.0374367053499265
34,1.3728403586266973,1048.4777142389046,71.50790759532316,6.617884806829604,4.7030159826305455,-34.105012072766016,7.830738757023671
35,5.225417498317974,352.6161809101459,41.543101165346584,5.181997256126564,3.7211420204827697,-43.22833728570512,5.4878839495946545
36,2.7484541265174895,58.01054677769139,54.41460444626146,8.148399743209302,2.557265028257416,18.19574654749855,4.486522664843322
37,4.167777909869483,817.6017367311395,40.48412371453793,6.428271388715698,3.930313019623835,-11.379135877165911,9.990744914775153
38,3.807329638730481,2727.6151395779616,63.324055826900576,8.284688512027367,3.881393232632692,-62.59053446970671,3.628008029085831
39,2.8534929343090005,2410.7957683917552,43.94379815038192,8.34922575825124,3.170157273230017,-33.437515305781176,4.184072197463287
40,2.0673747053028233,990.7412642198101,72.79979669815455,6.314192457237391,2.929071693493782,32.39785197654108,8.258965045813273
41,3.3810067879118377,1939.5559938494257,81.08273384364162,10.28442602021348,3.5872604470844625,20.094212806763686,1.6067755606447722
42,3.433429733412232,2845.5426755083136,44.67053579871946,6.9013692645876965,3.3219298207396526,32.30590671426754,7.476821705293054
43,3.978415163788517,868.2152132775789,49.222914213436134,7.836385685757098,2.85603449103775,35.95325270104595,8.778436905873853
44,4.032486409245263,3125.224522441397,49.27484254714876,8.373557754415353,3.19839940530242,2.83248677522686,5.118535083203893
45,3.7427965403220216,293.66472715518057,49.38381644182025,7.041743468246894,3.1616170572284528,-34.93150222667943,5.53581187953627
46,4.631135518978374,622.7254612343538,38.22076775789803,7.759253700213645,4.422060032075995,14.848716939388886,7.427367956826851
47,3.797703833870328,2172.0447996334656,57.91753541586778,7.869562386816172,3.569464070688417,39.42323088665569,5.288357226540098
48,2.189880216555715,700.5286654180159,51.020800955834424,5.507278005017537,4.577045334255832,95.49477040683327,8.628869907702132
49,3.2038202327318874,1887.922347309917,61.06684418786658,6.554374072340528,3.7544427181034536,-20.378360918293296,0.2925387824375125
50,2.2325216645557093,1194.4565341162597,37.83728508866977,3.941721026561689,3.93702415187097,-21.17175511639842,3.352752199150118
51,3.0939547252702506,1698.6612819026345,33.70918228953912,9.377920669833122,5.219542847708409,91.09399660716021,5.666871600826029
52,1.8453430253301415,3473.939170441993,92.60320554920803,5.986475832716097,4.006236352058736,-33.83849649639261,4.436391192841013
53,4.8677364081082235,2610.4435422159863,44.25371444996408,9.243933900062348,4.285527273690862,36.00294145036245,0.3656554452549665
54,3.671172549307017,2406.826187540057,66.99665761870915,9.994922933325661,4.15290115779188,53.69465171797172,2.3256608985455713
55,3.07694150939257,2014.506678294843,70.57668108492136,9.389727547959149,3.8883187191926503,20.4130722200601,4.9361064247432775
56,1.66750247479602,345.62280506625575,29.010372469807262,11.566048329982593,3.7763110760760252,1.5521814029289054,8.017883019431572
57,1.717800595040118,2389.2119128778495,73.69243358708425,6.998122212675451,3.989681632531037,12.84399181610206,4.504850672028961
58,4.638961429968061,1892.3514576595128,46.664001510223,9.345522979960629,3.8814548474174333,16.48515097281597,1.4564601419253265
59,3.969134818391654,1728.3759270706896,49.60087873123592,7.479027863079391,4.101932038094849,12.24453485687695,5.692811779369636
60,2.504785486593409,1528.118454631443,75.90766871074881,11.358955685097534,5.012393928283526,-3.9542077476556994,4.713273681049218
61,3.9639118060183565,1307.7755008147064,47.204392001669085,9.880018221651582,4.013971848565758,-32.898218731068,-0.16434652406317873
62,4.917682294798463,2399.3487584824593,50.473700108963726,5.234066756121086,3.421995945016337,9.455740585716008,9.93537980322504
63,5.241736031466329,2179.076033449714,21.529478852696815,9.064417344412238,4.459513793418531,-20.465870951035935,0.5242009059336827
64,5.009156936519272,1820.8202703446393,52.76828462065999,8.473603365072927,3.129168943384427,12.454304905069634,2.544088032405715
65,1.5202753608866373,335.665308745472,77.27605291397421,7.808684515581568,2.9997966381662824,-60.39653808417751,5.662038494525629
66,4.317470170875208,653.9307835179131,35.993295027655876,7.245476640358804,4.193139662237774,-54.18716273980243,2.6868742656165523
67,1.695313257688904,1431.6222686107326,77.20466162589373,8.07289341551282,2.896683919990862,40.612547374134145,7.2709511259828465
68,3.417452136795986,2313.64118592632,86.28502318339588,6.826830529433447,2.7042696936815274,-50.348441956578796,-0.36294291122434075
69,2.6227262981059716,2906.1288337978413,59.51728153641289,6.871464793053748,2.9824029865738457,71.48903384747071,5.720444052717925
70,5.078289000828054,2663.609960389381,45.585534591412,5.798831306204628,3.2232802307485144,59.63449387825078,3.6099457892653923
71,2.477633644835211,813.103847022478,70.72023909093058,11.098768263519954,2.8395373215169775,-24.018143720678705,1.7477509322947573
72,3.0561443428715567,789.8516576079559,43.133880376394565,9.902780231255392,4.042338119491056,63.95783901212795,12.169027933383283
73,3.9879302261854996,921.0392729972388,54.094861075282765,8.88918431580444,3.965644543580809,24.102478646963576,5.32288182217423
74,4.101667723541408,-188.10948717297174,55.60986248493412,8.281159332781554,3.8729303428318858,99.8088702601099,2.9553628371994023
75,5.712354978040178,2685.270673280608,5.325399490577688,5.972654708466766,3.93915852719999,48.56906434271323,2.190844211737036
76,5.27036702667645,1954.8377606027962,37.78057794221219,8.088244719985083,4.255512718414099,-19.56232182485803,7.533338081728143
77,4.6250777244283565,261.15296502305114,12.80885466306529,9.011017486028917,4.929765157230283,2.7654220623184855,0.9912227662190052
78,3.585064346920906,891.9748574627769,47.89370957316174,6.733540884781077,4.5272115228568826,71.56567077014924,5.3860627836049275
79,4.969930029022914,4115.301658758948,39.43919761507367,6.648658030159057,3.682017629187879,-69.94174861271284,3.864784883646835
80,3.5951089408009014,4015.403103845255,28.196396001463754,10.547533143967431,4.063568917781431,31.666295473263244,0.33158553202199137
81,2.246879902995641,3196.2692980879106,90.29252073672028,5.032738976266254,1.8318995908042441,-28.98084774898143,3.384065664808209
82,3.194513262051369,1759.386480860579,48.25572670476366,8.311437668291779,3.546664415965494,-10.012053192061114,3.812692880871383
83,2.062841121534566,707.7737623649432,57.92682444058348,5.749115708311274,1.6800895317139917,-70.09144104222617,4.264688983149424
84,4.914506401262523,-166.6545616652029,10.376479663911027,8.566433412812142,4.2472312654420055,48.60057840648382,3.5342400212763354
85,2.2931762934483126,920.4941982935757,32.30247642631225,5.416828746830046,4.16221366889897,55.06316591124339,6.071341640218989
86,1.3547048790524507,282.33605902446106,40.7222944450102,7.0746330887752045,2.562601657996475,32.490080996913775,8.283963077658713
87,3.962107495166,2053.1895673754257,50.13434157198282,7.684900159144058,4.426024191363566,-59.020641746714034,1.3831281266184243
88,1.1736184300181276,739.025194766924,88.20486019023377,6.668953413856427,2.2206680959250744,41.693018819072705,4.101937999347758
89,2.4459885880610424,79.16944775126422,70.38496581937437,5.714254558314348,2.9784804550224355,-68.84711634100499,4.83806004172313
90,4.826115656200166,2193.040683181761,52.74087483796541,9.166580851323877,4.059658115809144,-42.36647263174979,0.30522743127582874
91,4.824792726791854,3129.725081698294,49.26795869917496,8.365497105106588,3.1702480505463155,17.254235114699057,3.6299176782884337
92,4.438144964714757,1793.5072842295576,45.2162505894899,7.609111916301717,3.7529733038333184,30.00370929137033,4.174341069898828
93,5.331948442795468,1228.1003621450225,74.1802246580446,7.635264455327454,3.3831480507221534,-56.861675546536546,3.8100318940643114
94,4.885604929737163,2086.2319364743644,49.02011452775217,7.992615470478483,5.208888637260481,15.698244744479759,5.374850669853052
95,2.714459360601091,1808.023273118806,25.95219079179023,7.7447737152758735,3.2033568054094514,15.394831236719037,1.3706765709636515
96,2.9997341736372163,1703.0149476213826,82.4482079615523,6.536239187561513,2.3611582284143884,-10.828785413254217,1.7344803072883836
97,3.0493556920586653,1972.71299217096,60.75499640393558,8.081163401906217,2.5185359281710205,-82.42138661165805,4.8300688011775
98,5.233179634298693,1212.2034869346649,44.6262901476553,9.240187885363218,4.38618587400355,55.90167956482237,6.648401087994791
99,3.795079943846672,2236.4946128970614,83.2606899819751,7.52481627172421,2.0772022226082854,17.23928307703556,6.313228729660527
100,4.134550849103306,3166.1256691991066,67.40767539586622,6.367069185222455,3.9492071382040663,30.512523946203142,3.862448448077161
101,2.4459602772573494,1404.9668243018757,63.90611118549745,6.472375391955731,1.5368980883104508,37.44679318178955,2.1721749138318582
102,2.471261034556019,-530.7276572916189,63.478807305539775,7.116679111756955,3.0773294433131673,90.34520418539438,3.164078303786259
103,2.831555922199269,3147.043448106736,51.4550335126275,9.030495918121776,4.984171408821544,22.905584410084117,6.077876897175431
104,4.280464165546022,44.053696194525855,61.82154841241002,8.309606017909543,3.829000366582404,-57.32315495620013,2.83876940612794
105,2.8461721523936863,26.068262074574704,51.439904909983625,9.63117143882927,4.111193075244004,-46.635265675177095,5.599831299494182
106,3.233719637504979,2059.892397459886,51.22753143135333,5.6939132533080965,0.7667709096432049,-19.95196467013628,6.682656975943559
107,3.187734875106375,1302.8693942223072,47.980104904252876,5.846653762225116,4.104146443049569,-49.9242586812874,7.318707391155256
108,3.3506101350835777,1859.1102668250667,48.21714926582795,8.567854591811416,2.3099949084254368,42.78659449460149,4.273793579873718
109,5.238625966279975,3066.475987399423,35.42063867528904,8.4720121519572,4.096278718579583,-0.5371155430512164,6.64816535888372
110,0.7845680486359505,2717.882313725284,65.3631799495788,9.13083791120549,2.2974518285493293,-35.0439132739713,3.614032516529733
111,2.5620031809868844,-500.7039004376634,36.71280770577105,8.030234333540601,2.409751502610338,-126.40552087020565,9.21365334408381
112,5.190127374547863,3110.841719019757,30.595374696300212,8.519267028515458,4.484226103628206,-6.852236908410777,3.2794214364291507
113,5.098785893367747,173.51294076088152,16.120400064165537,6.491412547502433,5.066365274097538,-31.237648290716418,4.698964392900171
114,3.090115965129235,4250.912027054095,52.641628859232874,4.0728402156744945,3.6427095101638733,-62.90266598707946,1.5639246810226934
115,3.8625701048579146,1420.9628478719048,54.65329646411077,7.216660231538547,4.6473818068191015,49.058623010876985,3.5277185960833175
116,3.3182105443804497,2136.5482022691,44.32510006663765,10.180838409045181,4.680500324073148,1.1969466382574545,5.427281461094882
117,2.4550713416996883,2166.253481976986,52.41382878431128,4.819987152918551,3.449656597027913,-25.2558709613935,6.139383092068121
118,4.654783894390308,700.7359816863939,53.910595999184636,9.465656741582212,3.6806388323501675,-43.97383367499987,4.0356567740193965
119,1.95633031822032,1765.2126484213256,31.89479194853724,7.6063200286030614,4.5123498495415655,-44.12389134093094,7.364453959367849
120,5.111683053753191,628.6578424677737,39.83747544564928,11.924544532979741,3.968109524575582,41.4273965489663,5.102659771757429
121,1.8262524559371691,-566.3135610145946,55.037255488256164,8.247603684307496,4.148382888399844,55.210190534843875,3.729427690951301
122,2.1421319504975256,-796.2730653824256,33.37982005902708,9.269942049819775,2.2843451408762716,41.69802041770275,2.255999763457634
123,2.2067305808502495,3006.065352743746,34.06780558704926,9.126653303235056,3.9793878822198336,33.92846599944602,7.408402519655046
124,6.373156172176639,1250.4525858176173,30.66865511530682,8.686645083410237,4.623436364431665,-11.288820561300934,3.6230949550618443
125,4.916276117904005,1495.8488314295323,56.000435240401856,9.702688016138039,4.892784196844295,-19.31270596319922,2.8674923088708058
126,3.751212191656103,4203.694324160686,42.47949352496243,7.68902329227491,4.15249447371904,65.8566341639643,1.0376630079356364
127,3.6195869395904756,3210.133205350355,55.68124213407514,8.200584752708847,4.278329273681304,30.7056924401959,6.259640628109462
128,3.1998645025018555,1501.9758718852836,51.55498199086686,7.372197099909146,3.246821275808233,-14.626092281742192,2.0904479724489358
129,3.1918910290406384,1293.6308457744822,58.597795026024926,8.812970292788277,3.5391111006633986,-51.605058019702255,1.7941735295599228
130,3.2832333737592534,3470.4139766469525,100.05072296281702,6.373967461513127,1.7201640179241133,38.918198071236716,2.048787450538391
131,2.500356951417866,96.0644427133825,27.628889650781097,7.404384842875665,3.1899103583298736,12.673848175683387,4.973312940676273
132,3.1631106180227144,2490.2018732253905,65.52697363353548,10.330240860014207,5.502751244851456,-27.990255992678893,3.5514599434347307
133,5.146986711971327,3646.115088367071,52.044846355198494,8.808472690484127,3.5974188102329023,60.26741154125885,4.832816221825107
134,2.1329080723532536,2094.538006846806,56.42326319220798,7.206442828087156,4.141567496966149,39.3327343782211,8.897863085596374
135,3.5554411605822307,1145.9159492012234,51.00449719992725,9.681812854928303,2.735671866336844,53.46067886944569,1.0277667674850663
136,3.4226339151648353,2982.1227484708857,42.09726206798804,8.122910643099765,4.697692342453806,33.40929341103636,4.338820071906623
137,3.972761901474735,2741.4576209358925,68.36778907664295,7.429318427827599,2.6425348139451277,35.2736273586072,7.651946564468007
138,3.465143718152305,1125.1842169714355,78.97059488198668,8.013896219994528,3.636623541389691,0.46321857390534404,2.103222728486149
139,3.8186303935715515,2645.6002049272392,24.516336847809352,7.960228083498847,3.9744990637154713,67.05923278491896,2.690402680598745
140,5.015842246019548,3052.3705331480255,58.095639545775754,6.019607531292268,2.0618395768813396,-18.591259763137355,6.5213443141314436
141,2.698983074338569,740.262636357853,56.73619760719959,8.540470886104144,2.6518218399578743,-61.977233667731554,5.520222798895174
142,2.7853302687181642,1781.0066851815814,68.57186841500246,9.149346060126623,2.457483208942173,-7.148200768294259,9.514822040122036
143,3.966215450907804,1227.1618934322983,72.29235826466989,7.970860204948538,2.2264326783188246,46.96629587259102,2.3595812992652743
144,4.477938773816245,3532.4408132906583,31.154677403838072,8.208902567295652,3.8403041831304376,40.526387875688854,6.26034962314281
145,5.699666473014926,3254.833402112918,41.96344961372844,5.840272940464507,4.006757864699992,-18.826237363983115,2.0098644896136664
146,3.1726723279769593,2862.824555604896,34.66655426786292,5.379317712237857,2.635100245120428,-26.896431425101614,3.683322658892528
147,5.046059565629615,2451.0078097192804,11.919338174438508,8.953716569346332,4.365135747367671,22.201974467154493,0.5175115366729246
148,3.9294548088130483,2244.203275303852,60.94169965499654,8.037793694223591,2.8326117431861353,65.93982810646517,5.962715002510281
149,2.89129874181186,1986.2691803700263,43.00492877843816,3.900067927156103,1.6354680384387386,-35.990851777067476,4.168820097667161
150,1.3437675786565415,2550.5464091558133,76.74573375418063,6.991800310815161,3.4246844330660453,32.81935906210668,5.818029181485544
151,4.282913600596565,3857.355349299245,62.69105740897333,8.392600354915224,2.7284759658217803,-19.2503378442833,2.164632727566571
152,4.084219538840175,922.2075985656152,71.35912007982267,8.042193360084111,2.606416688065054,-27.34606738820354,5.183150984556521
153,3.482648213336669,892.549159880687,24.311532997312842,6.4387834765183385,3.298121648699922,22.02955071903802,2.208601475073902
154,5.185816251879987,3227.461958341484,62.50535446334585,9.753948823219368,5.130494163856205,-39.88717586674569,0.16454496489755943
155,4.5054125298254775,1025.014795778435,45.87029628743706,5.15225718163526,2.1771164741575895,-2.9218868263829307,5.0902673508287934
156,3.4371141793667905,582.432336598494,63.86240499370672,5.650349894886707,3.257969843854252,52.60264049515125,3.6626161833905955
157,2.062792238279031,-278.80197237598577,45.45865682029432,7.606603209368052,2.7969510010736403,-48.05375973852698,6.384415969677767
158,3.784968861527374,2982.1717399983527,67.18997720582792,9.952097916730068,4.4633664614976025,40.39162618194956,5.615344431412907
159,4.943971084204016,1632.6292134924402,62.2188991608874,9.191402348845841,5.490642029090557,3.7041451141329045,-1.2190155517170922
160,3.714606883564654,1099.9870871009437,88.87048664572575,8.047716745715153,2.294499421272713,27.32158738723035,1.8536301668850146
161,1.4634455676435372,1080.398359290155,45.695646685787636,6.9644879819805805,1.6527826986946372,-29.627570355515136,8.473447577564357
162,3.45393914684401,2026.6588697342947,45.427157405026925,5.775454380476758,4.443033716933159,68.5501199020062,5.4105648181916335
163,5.481159289187639,2158.6970308328164,27.19946427245578,7.492061657140426,4.8742022068938295,-0.8801134924915992,4.932553058255294
164,2.6672895522174622,2424.613167023084,72.29290865338548,8.925184901986352,4.035300012895889,46.91261485074479,3.6268585289574315
165,3.1846288269502057,591.1789276911627,38.26354597372541,10.055065652802027,3.2764089782400285,-36.294656467646845,6.227754480345217
166,4.079741906548918,3131.4190961544255,45.927073723264805,8.206851362248592,4.784227514138022,64.70682393263542,0.42148435967550135
167,3.347831995741936,1367.9550202148043,44.8692599681073,6.140256224107658,2.7831996477935963,-10.13178842027314,5.972307180047347
168,3.397232804508716,2299.557589513303,64.4225858460059,6.511113138947479,4.096891046127815,116.5250219986912,0.00954707022871304
169,2.8226408331521045,-1257.5268699348067,47.908803814476286,7.998218589659628,3.1410635653212298,81.26560676084534,1.5632500074132758
170,2.785104941137553,-171.34528633060245,22.19879074706245,5.7209222573694065,2.6159497567947296,-39.83582024604546,6.779073827182981
171,4.226099241026977,4209.234642408985,63.79607330201616,9.948383373883285,3.6190821260979233,-17.737078032502126,3.607227728910872
172,3.224453584668153,4377.9674374447,54.35652134024582,8.405795435530548,3.7001362928844705,12.666943472917282,8.849389098532708
173,5.153174755831128,2216.061457650154,69.16192420465492,9.944556958404954,4.094196117900777,-37.29584654999478,4.54213037252167
174,5.0224706593498745,2333.9538990178808,48.24398715395961,6.246260478175147,1.557983189415367,20.92246444115112,-3.586221920226076
175,4.181023348152742,2000.007834506182,37.17086276883465,9.19035486991645,3.5496581333233856,5.792121263347369,3.3468637918630937
176,2.0044630442734963,993.4218918820754,43.35672988698107,5.811240328293874,3.2216699287261275,55.052547870411644,4.330634697451395
177,4.635769858515866,1630.36038920342,57.715753827313804,10.867665336669335,6.472971600375564,59.01506136476762,6.8724673740644135
178,3.2063579563467415,1887.7394226342437,41.45510882411921,8.971972556432785,4.247591800862018,-64.88748340169185,1.2966068004943772
179,3.900693319657265,2331.994693149526,45.15147829657559,6.7774302753937095,2.8663488274322204,-17.06642421960342,2.886545671332886
180,4.216874119311061,1390.42592271564,33.03570644193715,9.743324263512305,4.7631684705930315,-5.870763171844914,4.212211841438006
181,1.7043705888661478,1785.3298283307345,72.90596920099948,5.780177559871346,3.8649371525369447,-0.01652965805862472,2.6116974414626966
182,3.315895970042744,1118.1578724120338,49.47334776769675,9.894099441309217,4.0281299545778335,25.24880163737499,6.331760729654553
183,4.0885360437346945,2498.1830808961095,75.27560074555129,4.807100500880502,4.848397320780535,8.653236228471776,2.1845675091814143
184,0.8918099231832071,978.3173581966004,46.094535694921646,10.315555684702973,4.405224652148241,78.14017152481145,5.221036139653707
185,4.947760226797431,2070.5852135878195,72.44514172439787,7.205908048297458,3.7077863042313517,36.00444436527107,7.293975359370799
186,4.7631196304281325,1591.4650397933465,63.87364214708973,9.24503855740743,4.131407856295752,31.551630103596647,-2.113057935981394
187,1.825998096221322,99.45805347203395,78.73439946869081,6.598735503772954,3.6202318035952654,-20.97179468955971,5.665322055606381
188,2.029532145297279,1221.177095374996,67.78709043101225,8.383168465013608,3.0035800524117238,-5.212838236387423,8.955240907630989
189,2.8713371793598688,1122.62110807515,65.42364395880752,6.882656297397089,2.935674371566408,14.09648980037487,11.041382126448969
190,5.080393383881468,1761.896138339513,48.951503477814136,6.648416450512293,4.921204198327226,9.621604958003726,5.268924387216388
191,0.9438619415265102,473.2880631284579,87.56329783048267,5.73069759323876,3.080153139116867,35.489227371040805,8.839052510508914
192,3.168466367703078,512.5950107222823,46.15189297824803,9.025200529213247,4.445845630193575,67.38218958419205,4.889230388613458
193,2.827204996238212,-526.4939068951317,58.73282682234107,7.846373511720757,3.5665483924061427,15.083665607534984,4.199631224911956
194,3.3051800978005703,2569.1455763717954,40.8675708228195,8.919474453820948,3.0536938284986146,-18.478102815033516,1.970128444460805
195,4.049020886627563,1792.2992835405162,9.836244858275698,6.854848191465912,4.238223111108261,4.25795768872184,3.920291724962926
196,5.205556105106556,1604.0756625603121,35.822583159552536,7.87708983886423,3.2576504262249357,12.125094202927086,7.158494485269159
197,1.6628539396827537,1796.157126418043,80.58542534191595,1.5129503305502192,0.48878019040762055,81.31479677973881,4.528994324287899
198,3.698958010782966,-245.3777730975653,43.89040487259246,9.206879733560164,3.958522238767963,64.77611118989552,4.6298007240670955
199,3.8007212880279444,1430.948719327022,46.92355477420627,7.2173154560333135,4.5292781779617854,-18.78399919194665,3.0625120688685623
200,2.3179230186079938,2941.2201373652892,58.03172822562996,7.589969982592447,3.360567437235396,-29.053186562280427,2.0213219243103984
201,2.9361551258228813,529.0835330040675,36.019267135109445,5.769931588728433,4.285392436808225,51.77069044168107,7.86116737189669
202,0.2576694349595505,3257.812761559625,79.77795668566078,6.040160882219729,1.4850120437320293,54.71582712244221,1.687945608913338
203,3.048514450843861,2341.276445854279,61.8483665429477,9.958792433687771,6.497583008502397,47.62072580112857,0.7135396363235786
204,3.1071995302195194,2685.8863981703757,43.85721472321727,5.1763688167869955,4.68377578613661,-26.91630076472349,5.494483871634221
205,6.113818623655041,3380.4939109259612,31.215318813510212,10.869213239867161,5.840094517598996,-57.25239977276803,2.624201685683044
206,3.4474702225208627,2564.4738018199087,54.99613742009061,8.881865228721912,3.449239381144613,105.31806226501877,7.606789006577289
207,1.9598497648510051,694.3164131473352,44.63811778430015,9.431885562677431,3.3075951500870637,1.3049563447015746,9.730165248416156
208,2.846200065215765,2064.0721310832255,43.828173612425395,7.44940114060312,3.7124791746907397,63.082069329234244,6.49294444095149
209,2.505808499183476,1952.0368461275627,40.63762727158172,9.205633345493965,3.73335606452871,-12.766737757272786,2.277128738014058
210,2.4373033426597983,1337.2666579591819,42.108493264669725,9.861306570850005,4.71012504036415,-22.603448457844234,6.5228459809142505
211,3.7038896447865715,616.7786155884653,47.79797805987974,7.5948836521572005,3.108329853755661,-13.520800052312676,0.7719543431890692
212,2.9365606500377215,1442.3007461692152,62.060643985083104,7.826042995482321,3.616280801355178,-7.230218466309832,3.5875067751088197
213,4.260781965775601,3167.37616434603,42.33925691505531,8.61200743781277,5.066899609943796,-27.155366584297102,1.706759812960299
214,2.9433724388006466,1870.4724208257217,80.05549047203309,6.624807638187524,2.019431559083806,23.217487741031583,4.976367293202726
215,2.9311507646640673,2365.495620870105,37.31781816222705,8.067271360847778,3.6496288011027187,28.093212664701365,2.429418062625457
216,3.5190359683311754,2138.1539145888405,53.60074274030881,4.753313351177131,4.734247988161542,-90.26397806368965,1.8433263057008507
217,4.680268869472855,1537.0405873177606,17.789584689443686,9.081405668174797,3.692671482154946,85.52961241137466,2.917126660715369
218,5.480092506852454,1762.8656621635587,58.97407541279181,9.201345313643861,4.284239832124509,-2.4531428520631344,4.631305839244625
219,3.731361118532858,1641.945760003153,48.448660359329544,8.071882351962588,4.09210363105114,-11.844584374396874,5.299618926167845
220,2.954721319358423,1656.5488039467261,54.0474801046376,5.654009572166916,3.2951623667457075,22.892759572585213,1.1486805264063933
221,3.708169125555134,1480.3824454359913,17.697917375927737,8.564248220971646,4.830012428667217,-6.818594177006609,4.33895713329862
222,3.331240359616313,2911.5382632572737,65.16322553029244,6.370305607241221,3.7580915744429624,36.67492267971042,5.8617291359312444
223,3.126248950332441,430.6033293744672,32.607771450586114,7.395404801288703,4.363186639714474,-20.66095481722622,0.5007877821287727
224,6.27740087601961,1260.1895317890867,49.7438587618893,11.242396792983811,3.7299239714881742,19.01028543828006,7.35654432502899
225,2.6073146805340937,1281.991070115186,47.411760573383575,7.346138391043455,3.9006456437555723,0.5898128748725728,5.846379254819109
226,3.3177019340978418,1080.5450536362118,49.29026068388505,6.01851138810168,1.740220699332583,37.28576443594028,2.549716337028882
227,3.877932304340656,1237.6773540113468,55.10284928347715,8.525132632044686,4.117131195858612,38.20596411084132,2.384778777410472
228,4.311423646008256,2966.460038141815,57.605433674338634,8.518213645327265,3.855709452979549,64.94359520401127,3.3418159731232326
229,2.265724026334559,2252.1277010666704,69.31074300330164,7.974834261808668,2.7764113643259845,102.02110223694758,5.961445793241738
230,5.198151840848681,3756.9908931815944,40.48612756218128,9.385442099612304,3.77808148827257,61.78777038144618,-1.175405349958421
231,3.2423280583461644,2178.6051163618654,80.35747120387427,9.791625749915713,3.111428602043172,-30.59817449842689,4.254037365714239
232,3.790110864588836,1894.4423281524219,50.17615721656773,8.147206025996542,3.054987693396586,-17.668218701834224,3.6538966340905077
233,4.809169847143739,1468.4874026173977,45.79443939225791,9.826768738290827,5.265049524577529,-52.58633944983268,3.4726262244528154
234,3.5465395173434078,5641.798004885721,37.35200080838109,7.8451838570536605,4.300459738591082,-33.38014493796362,0.38375516155588585
235,2.494024703697428,1071.2848869743414,23.81017636826992,3.4614026210224624,3.63986494333598,47.49084150578925,4.195150147982999
236,3.459980586931751,3475.542580529619,53.83884043992972,9.189439247012356,2.962639035494272,-51.0677481055325,3.249661630076192
237,4.837739972806718,1921.1935729477264,14.41570714744666,9.555434515482766,6.292465211992451,7.28315819486531,6.343598111362736
238,3.162273471225871,1310.1017577620548,64.74617214812338,10.013483680722743,2.136079616838577,-10.955238759997773,2.468777153127815
239,4.32966725667004,3279.555993518542,42.48570166453112,6.64666194047041,5.194621045898485,58.64964523393044,2.114868108310083
240,2.519987037404815,1513.6927115129563,42.22950790535008,9.657951851215625,4.902794322554008,-35.509205865685004,4.038538991801704
241,4.13747989727037,3004.873851657103,64.22982184217531,9.594504226542565,4.355758897196611,10.72977060778557,4.992279248242063
242,3.786090297258312,694.7744995342712,54.36941164078567,6.538489478799357,3.1168639188074607,-48.18524252598553,7.021615524385065
243,3.080269025422555,950.1894404543254,43.59320184125883,9.560108205490717,1.1945409620681264,64.68422910832342,-1.6917745106005517
244,3.274757570068316,1346.7698171144139,52.908890503325026,6.398994422335019,2.267140120017249,-36.7320492075756,5.576036789383055
245,3.9693421398975364,818.9675256848268,53.48366117015536,5.933867085972716,3.978315143109908,27.849583442685187,4.302978041863293
246,3.9811413794796287,3260.0063009924534,53.83511772577065,7.974905605174285,4.167744628241025,98.85514613587958,5.518989895846576
247,3.914038599569605,2034.908243880047,59.244703669009596,6.89107107902971,2.9481838316388833,-59.28599312760541,4.821181310106626
248,4.800224753049101,3036.2525652130953,62.06248885771382,10.894746101466504,4.855546696894963,-53.90852066816639,8.624170875778585
249,1.8868399070429325,666.8817289286549,61.253084560390334,5.979537516760008,2.9135728872733964,3.5769536585486374,2.767110059624311
250,4.813518429527055,890.620750263748,27.447429713392005,7.653882210160457,2.606115355256235,20.221383119289243,0.4096998713249551
251,3.7579713905214644,833.7727957649872,52.99438691284969,7.248541786097378,3.907125530286072,92.02300182228747,9.57791753691263
252,2.280832228157098,1976.7833190146935,44.5880778608704,4.905952972649279,4.0776804643152404,1.9376275828848897,-1.8842654030330328
253,3.634058136888437,-1010.8441525269618,18.940317255540513,10.130021106081529,5.636867013182295,47.992241798338796,6.69723180391567
254,2.8316187905799355,2776.148851467996,77.75815909222999,8.875797155802589,3.454079956996495,-14.50079644722986,5.011628622337393
255,3.9801400754128777,2164.146568133796,55.585962559729616,8.214956904047467,3.5859552463429507,23.93846660042955,6.973055148067432
256,3.8399391641005227,3465.9660673219278,43.46596398098343,8.700983226899318,4.396541193569835,19.06424713383281,3.0006277447633565
257,1.4096140577473268,2864.2828809358807,42.535235702129434,9.152245071437255,4.700573892395672,-22.232215760028613,9.546234350686587
258,4.6226701834758455,3574.7280133167324,55.064016135139276,9.116611058645878,3.3209455721753542,35.61117916263996,3.1567108322428137
259,3.555093743410589,2356.9490306769994,70.90157420701337,10.927509684337048,5.019623033975739,-7.029080283400617,4.90786733837003
260,3.9799342234541424,1966.4226575847088,61.71628861945682,7.294498404005633,3.9270959756189443,-13.437424240560095,6.895211452496321
261,3.9442203114422476,-761.0727916856399,49.20033228585649,6.656020888780984,2.424419211725974,-3.2292213595148525,-0.10616836957951215
262,3.010712503693335,1989.4434753509809,47.741814752960266,5.6227031370959795,3.8477211686157693,-83.16574166927548,1.8377652031544058
263,5.294584605051176,1723.5901322179743,17.02041433624113,4.410229831691098,5.6764321954640025,-3.7711713183103424,5.742484992854808
264,2.7173538353267137,551.1695291937765,45.4909775759702,6.491641999828557,2.163241269096841,2.3587805942826456,3.6467836999759546
265,3.899578769771137,-767.8669102110994,18.545529543756203,6.5488626949147495,5.283376017108456,48.20778062342961,8.981874312009221
266,3.7731649388965938,1712.2325705474195,50.984529294703165,6.19350614213622,3.6018262626521027,95.67309384007329,5.369072065676384
267,3.41389851192181,442.6421030591789,49.017455793687176,6.680371140115985,2.617192868716427,-95.83880914803429,4.568554409856637
268,2.785059219525391,664.3220443171897,65.64780328342243,5.76935195162763,3.2423546276693234,82.31859556507054,2.7399663139132606
269,3.7312765493859636,1703.271987678258,30.368310938263278,5.9370554007816825,3.721585352306657,127.06899737088735,5.688710426727076
270,4.102277123874954,2449.5130134175192,15.452619324854915,7.634079481226109,5.417750395753194,-54.92058547434688,11.340095984950633
271,2.772250169011342,3508.16720275003,67.18575261363772,7.375400236941584,3.549579851399439,-25.123889234169457,4.737106343910049
272,3.6610781552780822,1672.0595017678186,56.612600785654664,8.437009720656743,3.0165502328817713,-24.216850082781587,3.5684355230394322
273,6.279982494782506,1867.695903039234,22.569940648981262,10.289418594579612,4.256864900145733,88.8846796053948,0.6529408751469257
274,1.8841248445814591,1701.3637752923448,61.20960947874924,4.609394006121494,3.082987816769947,21.35193954219217,4.676478451984513
275,4.163367918118472,2365.1838197153734,45.38366220654105,9.246589680711912,4.065440838872641,105.62173846059511,6.179717414877706
276,3.58806171588946,711.2870545383412,45.456094078569926,4.528911794394498,4.410448060944265,62.79409040369279,4.36543909695357
277,2.8405641484554245,3294.1635365207876,76.93741795237281,6.078512853641584,3.5389001093178756,-69.73974333386856,1.145041862696139
278,2.772747487668971,3151.305249580773,43.051814608747264,9.313283394054007,4.753115249439295,-2.068200417665679,7.240001985052877
279,4.327853315566239,1224.254469346155,36.24649598159389,5.216725813082487,4.806675660494221,61.29634245464868,5.310959163310924
280,3.543633389541022,1053.4602503710357,48.40230224849951,6.809084480206777,0.9435548787591022,44.66921974552332,1.6740380495543281
281,2.953238210777435,2162.1038850112545,59.34966510072014,4.365552511576428,2.8206397214533854,-2.9667373852983747,2.1486850814210583
282,2.957779604442682,15.410770621326037,71.78846088872659,5.590340376939966,2.8718558838716763,-1.5744948180840073,2.091896999807431
283,1.4672431858169959,2888.4495412758324,57.18321536248592,7.040165933456717,3.8604107281846347,16.29842538061711,8.711674339337133
284,5.079934464746707,3141.530833373353,58.42245376476738,8.405454753213245,4.631738183090356,-1.0459007190623826,6.280400524306459
285,3.1680459392404234,2676.773346874998,58.28255399932207,5.47206982362195,3.1377638821331164,14.276067203579641,5.924002650723115
286,1.1776729077607198,1018.2430391939995,60.586420026286504,6.450290800867236,3.163031279243577,-14.73182564559038,3.8259441414509117
287,3.9181774308450685,2398.2840343104563,73.02934272723024,9.173365320275204,3.9846391325615236,64.79911399281238,3.757458360120595
288,3.771616905202179,-156.6436173408233,85.00382274328982,7.9480621416957,1.944754329945926,87.2057910981873,1.0544355781614048
289,2.288885011894311,2817.0247506125497,39.99095625871112,6.124754695288745,2.9290236934630043,-27.14484538619492,7.828130139727613
290,6.006718066445094,2154.725262349975,7.320582119906007,10.256395523121537,4.995678236780202,75.04557828274841,4.337966074380465
291,3.615839438583943,1035.2125914187886,46.57818854022016,8.27014935192332,3.4408740071434236,77.0057011964565,3.170175734518584
292,1.1480289776872268,224.48401133993093,45.966339621986734,6.774220542543096,3.8441601789809994,84.79580648932134,3.558881180442458
293,1.4784221757109592,2245.4905542003066,69.41458197742519,6.281970842761368,5.012957055371409,-32.51693444252106,6.406788555225689
294,3.327364455139991,3154.372036769667,41.23862270230016,9.202363694071872,3.77426753082689,-0.2636635664817035,8.74838634093527
295,4.176911403215313,2853.6601409041714,58.46235275255626,8.267072666916077,3.074275320280486,-38.56679375679221,2.3542790796781894
296,3.133213808710023,1320.5561686420247,53.586167890291044,5.5052176516263405,3.2402924464755807,0.22157889463615987,8.188549553040685
297,3.3474092219210303,2519.846769004014,48.620128181736796,9.951140180602476,3.4005301284799616,-20.068904501892582,7.24647875843328
298,4.635677808166244,-83.17762796495367,58.54337752892082,7.198541018109825,4.208379321014846,-7.470010195817025,1.074483261274
299,1.9483844960397578,1306.5922212326757,40.03106918743388,9.149082065933952,6.152867514140443,-24.451363026998134,4.189826227248238
300,3.5141986996711316,4258.8763022571275,43.808780296651264,6.277521022990581,3.6157689854893267,-1.4028376643964755,8.51044828879754
301,1.228843448378222,1933.656754116212,64.39132793310105,5.965920103501798,4.359241634555877,8.01937431295053,5.464288627224528
302,4.193808685324747,2391.5407235424973,31.855620665094698,7.024498943793899,3.0452830915728324,0.37855815729778364,2.6844164273490776
303,2.3260570220370385,2417.6667439178514,62.53567323789773,8.617709508771476,1.9188444477204336,3.3993727978361408,1.902546077295157
304,3.226812476717418,898.4067221748221,54.0245746828902,8.956066454509104,3.5744837986203937,36.61812847760088,10.365154888066815
305,5.204916747949001,1245.9231542440355,50.28818591705865,9.751389071021789,4.833695537013817,17.924291958913308,4.913854252264038
306,2.818036408548304,1747.5753339313997,42.438668689038536,9.23464390458733,3.8729475411062366,-18.665357594616918,6.401398622519673
307,4.139022144073756,1204.5554241750233,23.708381474201165,8.077614323163132,4.929852937099303,50.4190493546198,9.191231353244632
308,4.964227902951249,2311.3694570015123,36.4291230066573,7.3943769618491615,3.485845253010584,64.91082108101298,3.233589956699869
309,3.76504799826378,1157.5476063612668,27.731866742411064,6.829369784177577,3.8057135245068223,-85.55671617798671,6.900864315012402
310,3.274771510386384,3666.088945163734,56.56048967285241,5.899020664721226,2.523326475678644,-52.50718618569584,6.225690378698969
311,3.5666762646065573,1177.0816706690143,55.28380494414238,7.523070512603823,2.9670674694059813,72.27792437523006,1.7965728928294737
312,2.3687803338366895,1768.0583809825457,78.60309982254803,7.134712941441793,3.5700175055599677,-8.157557742017495,1.664669429001302
313,2.129721278040866,2404.3167560092165,62.5802886514702,7.537024527537678,3.3095817684409554,-88.0185197694114,3.3342748917183305
314,4.849984800586734,3210.098483634244,54.168032317903275,6.794739106688389,3.721853706436577,27.52451022619768,8.223451297551035
315,3.8399151782840995,2255.0361427739194,34.609826903198,8.695819225592578,3.0633643628212623,4.652763231027121,1.18223858807852
316,3.4597438595527024,959.9994456530175,40.654616830994144,6.755543140685839,4.040806839969516,56.61793419306191,5.542100907272122
317,1.066624474445435,1095.0181898726119,44.94439175231265,9.160125781275818,4.02363260024474,80.4458145299292,1.3998019441421707
318,3.766389774713971,966.9239309781008,65.98681784782244,8.135399317899056,3.1584825699193604,10.639582274090726,5.968474636097291
319,5.2872546880788525,1914.6528758449606,59.35485176676822,4.958328826074696,2.7986255967444222,63.211508117148256,2.8065660335113494
320,2.2379898198531194,2459.3638322286365,68.2385538142039,8.407840169457529,2.107412787269728,17.003175913938815,6.719005166000665
321,3.0698650101849103,2128.7555128786853,69.70181174943855,8.305826333452304,4.689157767961108,8.885129779087336,5.485070135482384
322,4.552690226652338,2530.4176545301243,50.74354838360438,5.363842746627187,3.0689521212416215,-18.145473465034346,-0.2668426192083704
323,4.471776342221626,1662.221176962996,50.48219137955684,6.865719758206115,4.298368756760098,92.85938003581394,2.704040188715015
324,5.333597770916086,1579.3501089053038,20.646873289171822,6.644999229063673,4.415352969136672,27.557784743463333,3.5148457146574428
325,3.338521711075446,1905.3507481252966,20.348619148949737,7.750187182013413,6.031327558934125,53.98856822132568,6.004201203194073
326,4.191134852137957,2205.7795389265957,53.7157043801221,7.872956628897359,4.423376953611469,-19.589959176977434,5.607919618529097
327,2.426233041159222,1232.413428628095,36.13623818914279,7.204005188432457,3.059112119127866,53.713702946970926,5.94512508311743
328,1.7812249830402054,242.17344738923202,85.9531794778737,7.601819667791958,3.403997667383721,32.90436188490603,9.465217722857282
329,4.226590264308002,1141.564899538244,36.76080308687498,8.684052519924686,4.6670279914820165,-6.084457719623025,0.9043440317971467
330,2.0511709142597114,2777.288598296259,72.39725226064424,6.489882410776502,1.6389543108476239,16.435183370039034,4.024558249397061
331,4.118058386455806,2555.958897434941,52.987566232601736,9.566012235755748,5.216708820568844,68.9821220028136,1.9075451661401592
332,3.891539052419923,-313.8412643741276,51.73903902859512,5.381816898732578,2.949937594720893,27.363054133696526,4.098536100849381
333,3.3854993727499276,793.3120850570768,69.18875991523666,5.455058326880133,2.917816624806031,56.26841369605961,5.868141401557675
334,2.4243902148557828,67.18382784609344,36.028765534775474,7.297119095329829,3.6749745576227997,-31.657192354800753,3.489845182082059
335,3.1333337055618977,2568.5915540759274,80.10049220242806,7.351464699463979,3.025700675634619,17.466883021651114,4.432979013252492
336,5.702981015329907,4540.197922510146,31.729843525770953,7.876379094666029,3.4987473814821377,27.382260101124828,4.661628782384485
337,3.260560145454562,1607.952005039011,28.54507480087249,10.311539456855801,5.3818713332879895,61.15886164369219,6.03080975249857
338,2.9254059144922775,3463.187134099967,37.308560899698,10.612684439923466,3.7378780976276706,-21.63982921553249,6.798554578265838
339,4.24877529064567,2132.310053562905,24.908444104260223,8.821942537458472,4.608502743765618,-76.27874789386092,5.3439347166470155
340,1.351332810149398,-3398.521475602099,57.84229565746938,6.807371737069503,2.162691603327888,28.889180775724387,3.343433550952926
341,3.468840792136501,4781.3276627847235,38.76135086170787,6.476311832962027,3.0237990052485433,-17.147031995318113,4.061080558475613
342,1.5353832023051321,1375.1117526864218,64.545057641355,8.41361768219882,3.183920503637226,-14.251977302937298,5.284719039344879
343,1.8065008877666862,1922.0745194575143,58.145244431350406,6.944385285838821,4.270052364297866,-23.70516226105541,3.8169520679825046
344,1.57946462941062,2882.6874315245177,78.66798280781516,8.994620775764613,3.0185518885300446,-7.116653871334254,3.7126602897131757
345,4.194898063938104,773.6340992068671,46.01242288285272,6.199082008222845,4.930122816546136,-22.474772238672447,10.018463148908687
346,5.198674207948197,2071.046721985503,29.797256686048428,9.372641551468314,4.104170375139228,-15.40653125639911,8.015493355333069
347,1.3220160708457827,1345.949523155059,72.94262673522839,10.826981850212338,3.737026520155947,-14.888851831979501,5.757598555122126
348,2.651495735031144,1621.9473438567536,51.995036992904296,3.7434920311632007,3.156473355043005,37.82008255876442,-0.34661288152161074
349,4.089281942282643,1010.352062276051,45.34035936692076,9.37891793648473,4.534511680891507,23.74635872631884,4.005753247185435
350,2.4576635736914856,-717.6074528404279,76.10867120903686,2.791170882685636,1.3457767992990508,8.273573002624875,8.56544486002624
351,2.7279744661947785,405.8003487587887,45.601363497827016,3.264611955461417,2.760069429192296,29.67215469032695,3.7235629594272086
352,3.9113810487021485,1848.6987469222288,63.307729029515016,9.632200864133504,4.763799097090529,35.94938147349016,3.7509552739734446
353,2.785677124595547,264.700207095781,56.852180581962244,8.444363583801385,3.925203801924894,-28.457465472023866,1.6447571506930139
354,3.8273488841515166,2181.9431565254126,59.12732753254819,6.642637373024577,2.6553269501172894,-35.45600463930258,1.0627566936285495
355,4.502091773717815,3216.910049252132,60.94783706161511,8.48272807020877,3.303745735730062,88.77471536678824,2.661633685995712
356,3.1487828086045804,394.8966858468825,85.45019728857184,10.14797690155573,2.9904867379831046,-28.190198874063288,11.242282162963729
357,3.300884345823243,2033.0928530084384,58.00549431859521,5.1201722404856636,3.3335487709465386,66.41888400905108,3.2480870452013293
358,3.745172822035117,2544.8957506897978,19.51425024200811,8.889014437110847,6.274991419876387,54.256508216893295,2.3603342943997365
359,0.00531894127489041,1765.4246235770793,67.61737460320512,6.53237845056325,3.401941858345187,97.70915926423963,5.666181792840358
360,3.6375286373381166,1695.8788975955592,38.47437368443061,9.594791467169212,5.516247571297045,-28.799237806090783,5.3353120201126565
361,3.581330910587401,5021.282086908282,68.14351333871575,7.490357471627695,3.5624444268758624,25.37386793528439,6.773496357591335
362,2.5150141908093726,3043.8086683431666,83.27996016612973,9.20145300722515,4.573388510025284,45.15526848124219,4.408330275704091
363,2.27200924920559,2200.179508049347,65.47250076264069,6.458107256146452,2.285717605058446,5.91517855043158,2.9787571725082334
364,4.243402156994816,2494.4126078107392,43.84312733466432,8.822031947231306,4.769691775272149,-56.00652708198291,0.062454883448277876
365,0.8228645078660297,243.88042101999372,56.271715286493546,6.350271994173293,2.653537379935143,-83.8144383769137,5.552366684277536
366,3.8878550126065274,2773.3705969313583,51.209358927935405,7.60511077720353,4.106731162226111,29.976810686153737,1.430229830387963
367,4.302417013127345,2735.60541719008,55.522784463081464,8.542897144017193,4.17793421145849,56.98694207233872,2.9247012367384713
368,4.316980132053455,2100.2566280536425,28.956008164539746,7.627351206177221,4.397027744623605,93.52840133730446,9.373531139442742
369,5.394179832322188,2553.097941599851,4.118418638363572,9.156504795936101,4.264762786195607,-2.083941828078725,3.3431756443237672
370,5.074507971090876,1835.240531184293,70.69050821724684,8.10135193265207,3.309613031941414,-70.76099534479187,-0.752203261761272
371,4.910651087125395,1285.1539198454525,37.45418284303196,4.854017969016536,2.852415862022056,-19.364882285405592,6.093344073638294
372,5.194793251662934,2307.743581147878,21.19466831191454,8.947814326658436,4.830460490217354,15.997466746192433,0.38930819279014184
373,4.78765687818124,1684.9660596313524,27.851655935031573,9.97723603593642,3.3968401697162363,68.04533643599137,3.6407966163719183
374,3.814207374052498,2544.7886140479786,70.22989049027606,9.968610193666594,2.15747539997827,11.713634937999636,7.432418757930975
375,2.1783681538132136,555.6825653049254,74.62006577880447,10.02655320056348,3.602477161924774,-67.21394714373243,2.1689633510060005
376,3.836873564317036,1189.214424971018,42.576581528265976,9.096346371738937,3.642872183080736,11.635463240334174,1.2652593272008659
377,4.06974906203582,2292.4154475836385,55.84408891118921,9.406446289802298,2.97206091969607,-26.355916510019764,1.8613559982059633
378,4.16086029813777,2057.856739767449,75.67270520436256,6.1349167865073255,2.6779829579877497,8.995291244070481,5.922649770568846
379,2.7156520361475343,1795.8741287435175,48.24557204352861,9.213862203612969,4.7737204987155675,-65.2827613048668,2.2998713175645866
380,2.283036349328353,865.1680439565281,59.10019304479558,5.013029733469956,1.537340888062153,0.4384274367130576,4.478013444825569
381,5.720258816461085,1977.149361846812,13.52982177257855,9.39760718654246,6.233502864163038,-7.732460393610868,5.713744131390594
382,4.761083841030805,1845.5208387310317,63.07102777317179,5.572958355275146,2.915931296734012,5.705456980622767,1.8761553757198324
383,1.7884115421825226,1799.2518389345107,70.83710496435319,8.127693142027006,3.713374797732837,18.38511498559001,5.5945308900576585
384,4.104219472043891,1888.4705994787303,55.18620382897827,7.883313342781595,4.985743853747151,-17.983961277385347,2.52552037587603
385,4.857567573740603,-1734.1902578555437,79.05803967983053,6.3390320554912,4.600886285588587,82.95054014939684,3.8302148825123297
386,2.3806992975147923,1165.8329903823203,55.691702659916466,7.391055852520344,2.4200209925641016,70.04619255671456,8.466590997260793
387,4.810464994850084,2383.876954201075,25.434413979240468,7.489807982135645,3.3961507788995413,-49.08903487824625,3.516077562285199
388,1.9857317549841127,1631.24379296713,50.071099551411706,6.122701831568701,3.8029936818709915,15.954370656967413,1.576486252446244
389,4.109112913406729,1678.752602729647,15.324811336981362,9.179789416992204,4.2614879301478625,39.69169860587914,6.013253735467541
390,3.8060302078967365,1524.8320357962455,38.34967313431127,6.98172052924864,4.592532373163486,-3.6773687236734816,2.21344945357469
391,3.6845905318618817,2020.3562706399503,73.7234083310582,4.256238043737174,2.8265501056759295,20.24666257250646,5.812565900477775
392,2.6196284375674574,2756.401419482314,57.027693978401345,7.547731124318928,4.7227226452294895,21.65850292491612,3.139443570785014
393,3.2114013269319948,2826.0733174549746,59.1907282344158,7.323133592914094,2.1002264209668846,-23.486126365987115,5.486010854749758
394,3.0222252985215126,1719.2551164823622,56.952589840459595,8.096909216430085,2.60081532031544,53.033403995696716,7.566296128247515
395,5.073835655468021,3905.8141714143467,36.44448688646566,10.858860414185205,5.25401139725828,46.86210491278602,-0.22715220321731078
396,2.3390394446482365,1283.4747338817995,68.54992295607988,6.129233025074314,1.5704265287772379,-8.547366857660744,3.7187949307905566
397,5.319426012688878,845.1793115627596,45.48432519794119,10.255870643536658,5.008434974544121,-0.7892358752106681,-2.6501252283842236
398,3.9175513108614983,1850.1805718021792,54.01534490860839,9.252945253555565,4.544172962703937,26.17779887472178,1.5986167568877856
399,4.4455790784250455,4870.01491756129,59.72237389595281,13.476031059176472,5.058060776709237,-37.39962236372314,6.958647447311307
400,2.8759123821161943,2897.812103665625,38.44659936563391,6.977919605394727,4.933289112113583,9.150347335649293,4.728979333498745
401,3.61204276996084,-674.3404308859331,25.029400879221598,5.976426167374482,4.960563761966456,-34.436877455944085,5.806289311654111
402,4.1651500682383915,2237.622766602719,31.62153904645033,9.203623781819305,2.9387813875340174,-42.40174983636416,6.379028096607106
403,6.275214473241755,4744.136870631222,36.73570565478651,7.829593200159597,5.290221131791638,-37.20201927282963,6.516135695915423
404,3.5070955962601937,883.156538949253,38.112667298473,6.86053796291171,3.038208166859829,-12.15670765036322,7.086003697702601
405,2.3899543694915213,3313.7381362752203,77.2241551746011,8.554599312399588,4.472589498932047,3.003923132439109,5.684055561703122
406,3.3851618498444984,1471.0363540002986,51.246609118834634,6.912871789277598,2.8760710515378425,-43.29662877214071,4.833681289882202
407,2.8842009472155143,2557.500370947769,64.80605381378291,7.069160732806317,3.795916513485516,38.408619309780875,6.221765765126533
408,3.867416208785698,288.3383793979149,37.7427222094791,7.894931828832508,4.589448620661996,-7.949779502057119,4.133593874019398
409,3.7743081297440746,2187.6917982230193,51.10323306143284,7.265654471810403,2.5580528102302607,-36.80526212281681,-0.2891094632395905
410,2.7391539121980113,3575.3029675686507,70.14243829411832,6.162768557455501,3.341953526875728,64.59692243168139,1.2952582202342469
411,4.749684910407437,2983.703456859892,40.65436168643869,6.597666875801025,4.240262620268358,36.56169008713786,5.1548457181995095
412,5.342096605648057,2416.9481614147276,43.205108586786444,7.403012874744572,2.8066891783607844,-35.8276444322083,7.545401420238397
413,6.158935719942362,2497.6958981283415,41.33130310334441,11.476780456416481,4.9895685499813,3.4245553035031344,0.11277469950459995
414,1.6023170333099566,2523.009757604822,74.91204772881974,6.516960600491083,3.826175335006673,-71.87882932973372,5.558589928220954
415,3.3405028498305946,2503.369155135388,52.00236176498651,10.821393891060321,3.3134471524599145,-6.092553216271099,6.4394901105069895
416,5.049670691063463,2872.544120680792,48.43630949345221,8.123627999260359,4.2048947928948905,-2.1370953897188514,1.9710078709434207
417,1.6079034370370897,792.1948030084504,69.76327291309846,6.1043330681763015,2.754499263926236,49.18932696743086,4.049203947253901
418,2.7359774536854022,2395.3382614368193,51.0828611931046,4.4266643560880405,3.2104844345277987,7.406295403186394,5.859951995690426
419,5.1829062612487435,3401.4971908874754,57.76267121945815,8.478683602408145,2.796570695051899,-21.73858399351089,7.562033744053019
420,4.297439794902028,-90.66240981311284,76.67926072863462,7.399920039939981,2.8046143416344376,41.265051253436006,3.5143778436717636
421,0.7476339847829991,-1310.106800330488,69.846085110821,3.6756886873391075,2.914288678331807,-35.87418136454335,5.524793498219603
422,1.3491876860816014,2197.850055491086,81.93784441999294,4.770766573944462,2.897985594173166,-59.986882718043645,1.6205804162880937
423,3.6332686820867175,1692.38058603452,81.35107674010645,9.155099224711096,2.1512266891943304,-41.78885069855545,6.431672180092754
424,4.085539238420197,1755.3058312492103,40.23652504386909,6.481310949273258,3.5191890467713254,113.21374684863696,1.804696320475938
425,2.036356233553939,2011.7391017985265,79.00317296412778,5.6718403210883785,1.9642813716185263,74.02375193072189,8.412978719316857
426,5.713448694243635,2528.5488362497167,33.14924513354198,8.07888179688966,2.9920571531198994,7.508655001646204,5.035686458841571
427,2.7012417231434815,364.42552592325,47.79490774983594,5.615135319939238,2.8939661654045903,-41.87841948846277,5.645733858799087
428,4.2926471154727155,2925.3667915598508,64.48684648663131,7.161422179639258,4.164107555072565,13.071924671850354,5.2810689599416545
429,1.374903321951126,250.55279693567172,71.14287217541964,6.3239049665389855,1.7996310944888851,58.10523626992742,6.173482475622059
430,2.782524266500785,2101.0976504078185,40.63616678979036,4.503069520864937,2.4755183349350025,61.86426142596481,4.722047540180025
431,3.9965851884373005,2774.191710878448,34.098334249263665,7.77552455523981,4.124888882837794,57.220761351037794,2.8947570109735157
432,1.769126973947513,2313.6276406015118,58.12934302556584,7.069724556333176,3.5613332626060346,-14.628552454209427,7.563053692824148
433,3.339691660308697,3125.1594551456446,56.4815971962416,10.476358335793037,4.357833016229687,22.93067973962672,3.681977846107099
434,2.919315272546516,1975.632725023441,55.05102860681036,9.39543598868442,4.127528208734427,31.843476841164964,6.500547592278109
435,3.099241282833452,2146.4930833336757,50.522248142075355,9.854329624582014,3.0102248631704547,71.21522123109288,-1.3493302390353543
436,2.451871794631549,590.8198667872625,28.648563879977395,9.50647730060799,4.09388640341962,-137.08217043082502,2.965686815638364
437,3.371875023145969,3627.5228922427,62.34470194437115,9.428300829189686,4.077961456559454,19.46602556011221,9.10436316173031
438,4.610344321325639,2918.9125818878547,57.491022290633126,6.019865768145088,4.713671318192377,-11.766686928852103,1.2476901030614451
439,4.207185519483247,288.1472935854756,60.39834497641333,9.011404550178792,3.1504562129834737,-82.02163773389682,3.174765573685293
440,3.1465294962974526,2829.2142156728205,42.75915837184539,6.166511116285551,3.2278786699280855,42.205000424040264,6.829705081303377
441,3.7978153222124797,124.87027496708606,38.8281726501145,9.864453477236275,4.4665240710271705,-35.75910660777966,1.7619091849246358
442,2.7078158217208808,-222.92908741822703,41.9128233553078,9.913927180667468,3.3638808073860624,24.743677224916254,6.300268576358368
443,2.7310646731867294,920.4009344807799,58.354903029959715,8.508284804043035,3.942328031364047,-13.270359982345315,3.9599869428352195
444,3.585574021653763,4245.565742741466,83.40920846095261,8.187890676246308,3.683669792314609,-57.816662396764215,5.194797682560447
445,2.0911794378817925,279.2654823361163,73.26060607095631,7.706397840800604,3.5756735408606066,23.649201662953644,5.749694304665357
446,3.291071147621142,1155.1636613382757,11.320035743816916,6.118514932660453,3.880215128874585,-40.04534912690562,6.081454709856635
447,3.3701281914944334,1542.0981397432297,50.450855753398784,6.585172668223991,3.436543362041871,14.042065849136547,5.031355582250389
448,2.3462319093704505,2177.3891157035923,52.09413102941966,7.355473615253007,2.5006432691150584,-96.28086688472071,4.45570943284539
449,5.032892593202037,3823.8328705643357,65.94188956758266,10.55320458711869,3.1892214525630456,32.122467931036375,2.0991909723591373
450,5.3721867410922695,2713.4419784821494,24.867519945502337,5.7633212098673425,4.637814639916165,20.206702749425578,6.253069436536974
451,5.029522541103609,4410.838275348031,37.38647420615063,9.1383135993105,3.950873640142123,-7.150998880330693,5.339660832073054
452,5.9921173267469054,1799.0756373795148,22.102036558635163,8.085121011092058,4.2727473441532835,24.693214029867573,-5.830071004580263
453,3.1533210789619894,796.428357249903,61.123806014778204,6.864675000870937,3.190218018788299,63.0209498593842,6.97567295697651
454,6.171762332211083,2924.483275154696,18.16160660936096,5.971903840304083,2.9869396339517955,99.52392756035421,1.499663171893861
455,4.674565370449352,2447.087645810687,65.48608892380786,9.081469147493332,2.202043917312997,39.08677072922045,4.005541168561333
456,6.8081187822109275,3960.703497439929,44.12383881417073,6.160102475413961,3.83423906541256,29.017810110420033,3.5045324840573873
457,1.0778076575464492,1331.0536777525765,44.95750692718487,5.2745674524030015,3.3333943313927916,-33.03045799917962,6.1801813890746375
458,5.121492295989627,1595.3699781992286,35.00797962636722,8.047135611332,3.9623072729755577,15.920353761032477,4.71780072246679
459,4.1990617311475935,131.4990294955378,35.43590867936835,6.847364401676731,4.145835173390842,-1.388083568601255,4.749378813971781
460,4.77095580718723,4389.98179696393,40.78881494929081,7.997748345092526,5.544375578603364,54.83426410694942,7.3101289726999
461,1.2341766234543345,-1933.0348715719074,70.04930373978611,7.940680662199365,1.8946655774497434,6.8355314096482385,3.125208756867809
462,2.41910943356459,2005.4121706839792,72.73995314874374,8.404600693862212,4.287734484633497,122.40230727208231,3.9069653697929656
463,4.2448679851157305,385.74461334041143,46.39010538255818,6.52338338955599,2.328794908713696,-16.32653768658496,1.6009814404999418
464,5.287426417580825,3305.351291865383,36.5986315385284,9.073602649018362,3.80915948636185,34.137811102328186,1.819170624705733
465,3.1602263401188253,1931.907782121756,47.970093601654334,6.503449247283005,4.240905868975725,87.09948420420638,5.321717947579567
466,3.0572925257758072,2853.336822673359,70.48781982581234,7.205056563900721,2.8474734256940573,44.090886992420565,1.0758542341546238
467,2.7812727093756893,1687.5574583093617,52.5543444744905,5.543557168242284,3.078662366063768,-30.780922343892353,4.015368872174635
468,3.167078738813308,2219.487999314354,39.79783785923218,7.147074880029974,4.168833946254457,-3.766374797616397,0.336109496525153
469,2.4151285452285665,3206.9804231866347,84.69850949989328,10.099187853512733,3.36911253683715,81.09690447013129,2.8336109122863844
470,2.759885835412701,459.1773889790579,34.575995082537005,5.787937375391298,2.715492499209245,-14.65291608061294,8.124435559654039
471,1.6096357197441735,-227.46348645403168,73.29237796603957,7.935545535320644,4.2198615040390255,-15.421041118367295,3.6161257390581882
472,4.314199294711649,857.1509305956085,63.70400989821216,6.594767679511197,4.08587992514837,-62.17674108087249,4.336077539633696
473,2.4150673214849556,1609.582245909542,37.87625159977861,8.414804381678083,3.8400607931268906,-60.0675547584147,5.059873868138956
474,3.6536595916224996,1468.7637006489954,85.92159490121064,10.154701763385301,2.9807447585643705,31.859264506434656,5.382827312281869
475,3.388659237057014,2622.286515647475,81.8070662343497,9.717289750629028,4.748324577375444,38.70735733029997,5.669324681899708
476,3.896442794691031,169.3241125890229,19.100303083281666,8.707645263309828,4.488459542352212,-2.123991857977403,5.7772533866611315
477,3.7024545610787944,1503.1363876094138,61.52978902997572,6.242955791794169,3.7923951817115187,-21.711326169558728,8.810750416400676
478,3.391093933771867,1824.7984045080057,89.35277752705522,6.818421213465518,2.9525786296690226,12.165962434724504,7.104624796538019
479,5.9982147054534325,2279.0525330388646,48.36191084086002,7.728452702370944,2.6631777018028306,50.475526382716794,0.6255772105166835
480,2.1394177982526754,820.2272165374948,43.41197970158442,7.007833394201485,5.14889171628853,-4.2494061860701375,3.2911215403247085
481,3.0883944690999092,877.6775216347005,40.715580089517985,5.908225210667771,2.9315319017332744,-22.11631408046419,2.255593836645398
482,4.33007364573358,1684.477195347717,63.6881886993422,6.094362332959966,3.058469700986828,-19.878529422334005,5.858414759800836
483,2.434857563472701,1727.1020738655302,45.86328007458626,6.985925048325339,4.753011793408507,-36.228008793199805,-0.9347280946874914
484,1.3513142268277942,2279.2642440556365,55.42681498560657,9.156013129109846,3.8538014212125438,46.46845801944846,7.669806656318476
485,2.7182031432021883,2052.979358636936,70.24348956688569,8.382197932379492,2.870075463737501,77.23986952357991,6.364841810969677
486,5.538043561756051,1336.8907864617777,34.326675318317314,8.637377759465348,4.193918220358816,-32.172495358867394,0.033803315636347975
487,2.762101037329203,1770.5135409986688,33.721747712218985,6.628270153165669,3.4073893262712063,-0.29864373662607946,10.250850964578847
488,1.5367473258040751,1280.6219871561154,42.654909050966126,6.829677953112942,3.4665213535151844,7.051474135058971,5.772766999357114
489,4.537859454413432,3909.3121754983213,70.08255437058548,9.128636584244711,3.221843479663163,-49.3726314412435,2.5074478818687016
490,3.8034600345431615,755.4808592721585,58.88942584677929,8.060141834788492,2.7078983217018937,-5.135098211945209,6.010690803774057
491,3.7139354272989196,2187.72701200767,47.47838640092409,9.614736307725979,4.7684203765926085,60.32618846749878,2.531747025893821
492,3.371071489597096,653.6624692422688,28.403187191419637,7.091830783669662,3.919647257332261,57.2725450762769,4.342254192123649
493,3.1334328281333135,1023.1667058309671,67.03809531332973,9.262339444578235,2.6775637749105687,10.346819988620723,0.9382018866096971
494,1.075864406925255,2449.815758069264,63.657333634915304,5.847084698223258,1.1574479869310208,-14.01285015253102,4.757705040681492
495,4.45552658287637,1148.1848374163847,48.68460274578327,8.01846486933352,4.476303344263211,23.914598234911956,3.422624353628487
496,3.491502643390286,1757.5246242664418,59.303486427986485,8.13173063852986,4.170459844092498,19.972553456903412,6.510404135431363
497,1.5258820586139668,2241.7302429605406,46.59933895790133,7.790035392188912,4.510266021236074,54.94571528475369,3.192917464288616
498,3.0272555562150654,2097.1518190303377,55.79791462015931,6.295449603924141,1.2772229385912262,-12.11861253823681,6.087473848979805
499,3.4598916577941896,-836.7149616238985,48.92418148643948,6.547732298686866,3.54220518852969,69.77036687710337,-1.0861683497441117
